index,potential,nationality,value_eur,fifa_jaar,soort
96,86,Argentina,5000000,2015,Potential
74,86,Argentina,3100000,2015,Potential
0,95,Argentina,100500000,2015,Potential
116,85,Argentina,6500000,2015,Potential
117,85,Argentina,12500000,2015,Potential
284,83,Argentina,1500000,2015,Potential
142,85,Argentina,2400000,2015,Potential
146,85,Argentina,27000000,2015,Potential
151,85,Argentina,21000000,2015,Potential
174,84,Argentina,18000000,2015,Potential
189,84,Argentina,11000000,2015,Potential
192,84,Argentina,6500000,2015,Potential
248,83,Argentina,8500000,2015,Potential
208,84,Argentina,7500000,2015,Potential
246,83,Argentina,2200000,2015,Potential
224,83,Argentina,2100000,2015,Potential
235,83,Argentina,5000000,2015,Potential
109,85,Argentina,8500000,2015,Potential
147,85,Argentina,14500000,2015,Potential
231,83,Argentina,2100000,2015,Potential
24,88,Argentina,5000000,2015,Potential
37,88,Argentina,45500000,2015,Potential
47,87,Argentina,45500000,2015,Potential
130,85,Belgium,12000000,2015,Potential
203,84,Belgium,14500000,2015,Potential
275,83,Belgium,16000000,2015,Potential
278,83,Belgium,3300000,2015,Potential
144,85,Belgium,1500000,2015,Potential
28,88,Belgium,1900000,2015,Potential
195,84,Belgium,5000000,2015,Potential
140,85,Belgium,18500000,2015,Potential
148,85,Belgium,2700000,2015,Potential
125,85,Belgium,12000000,2015,Potential
52,87,Belgium,2700000,2015,Potential
82,86,Belgium,31500000,2015,Potential
7,90,Belgium,40500000,2015,Potential
310,82,Belgium,7500000,2015,Potential
345,82,Belgium,12500000,2015,Potential
338,82,Belgium,2100000,2015,Potential
333,82,Belgium,2900000,2015,Potential
302,82,Belgium,2100000,2015,Potential
8,90,Belgium,27000000,2015,Potential
71,86,Belgium,12000000,2015,Potential
100,86,Belgium,10500000,2015,Potential
119,85,Belgium,1300000,2015,Potential
364,81,Belgium,2400000,2015,Potential
39,87,Brazil,29000000,2015,Potential
187,84,Brazil,3600000,2015,Potential
69,86,Brazil,5500000,2015,Potential
129,85,Brazil,10500000,2015,Potential
172,84,Brazil,6500000,2015,Potential
68,86,Brazil,10500000,2015,Potential
262,83,Brazil,18500000,2015,Potential
207,84,Brazil,6500000,2015,Potential
131,85,Brazil,12000000,2015,Potential
230,83,Brazil,4400000,2015,Potential
149,85,Brazil,16000000,2015,Potential
44,87,Brazil,21000000,2015,Potential
97,86,Brazil,10500000,2015,Potential
209,84,Brazil,10500000,2015,Potential
6,91,Brazil,31000000,2015,Potential
163,84,Brazil,3800000,2015,Potential
215,84,Brazil,17000000,2015,Potential
160,84,Brazil,1800000,2015,Potential
243,83,Brazil,7500000,2015,Potential
91,86,Brazil,4500000,2015,Potential
153,84,Brazil,3400000,2015,Potential
190,84,Brazil,12000000,2015,Potential
56,87,Brazil,15000000,2015,Potential
136,85,England,9500000,2015,Potential
216,84,England,3300000,2015,Potential
80,86,England,6500000,2015,Potential
126,85,England,2700000,2015,Potential
78,86,England,18500000,2015,Potential
228,83,England,750000,2015,Potential
64,86,England,15000000,2015,Potential
240,83,England,9500000,2015,Potential
112,85,England,12000000,2015,Potential
63,86,England,7500000,2015,Potential
199,84,England,5500000,2015,Potential
76,86,England,2100000,2015,Potential
232,83,England,8000000,2015,Potential
281,83,England,1200000,2015,Potential
92,86,England,10000000,2015,Potential
252,83,England,2400000,2015,Potential
4,91,England,39000000,2015,Potential
261,83,England,525000,2015,Potential
88,86,England,40000000,2015,Potential
193,84,England,1900000,2015,Potential
282,83,England,15000000,2015,Potential
254,83,England,8000000,2015,Potential
220,83,England,1800000,2015,Potential
105,85,France,9000000,2015,Potential
164,84,France,15000000,2015,Potential
185,84,France,10500000,2015,Potential
53,87,France,27000000,2015,Potential
150,85,France,14000000,2015,Potential
104,85,France,3800000,2015,Potential
211,84,France,2300000,2015,Potential
196,84,France,450000,2015,Potential
14,89,France,13500000,2015,Potential
156,84,France,1900000,2015,Potential
17,88,France,8000000,2015,Potential
157,84,France,4500000,2015,Potential
204,84,France,8000000,2015,Potential
161,84,France,10000000,2015,Potential
84,86,France,23000000,2015,Potential
27,88,France,8000000,2015,Potential
29,88,France,15000000,2015,Potential
221,83,France,7000000,2015,Potential
85,86,France,9000000,2015,Potential
98,86,France,21000000,2015,Potential
34,88,France,33000000,2015,Potential
200,84,France,3100000,2015,Potential
123,85,France,5500000,2015,Potential
106,85,Germany,11500000,2015,Potential
73,86,Germany,1200000,2015,Potential
87,86,Germany,19500000,2015,Potential
102,86,Germany,21000000,2015,Potential
31,88,Germany,40000000,2015,Potential
59,87,Germany,44000000,2015,Potential
194,84,Germany,180000,2015,Potential
107,85,Germany,9500000,2015,Potential
143,85,Germany,2000000,2015,Potential
3,91,Germany,21000000,2015,Potential
134,85,Germany,3800000,2015,Potential
26,88,Germany,11500000,2015,Potential
124,85,Germany,3800000,2015,Potential
30,88,Germany,39000000,2015,Potential
35,88,Germany,39000000,2015,Potential
19,88,Germany,23000000,2015,Potential
11,90,Germany,63500000,2015,Potential
186,84,Germany,11000000,2015,Potential
42,87,Germany,15000000,2015,Potential
113,85,Germany,1200000,2015,Potential
48,87,Germany,2900000,2015,Potential
54,87,Germany,24500000,2015,Potential
36,88,Germany,35500000,2015,Potential
253,83,Italy,8000000,2015,Potential
90,86,Italy,9500000,2015,Potential
38,87,Italy,9500000,2015,Potential
101,86,Italy,3800000,2015,Potential
213,84,Italy,8000000,2015,Potential
233,83,Italy,7500000,2015,Potential
79,86,Italy,16500000,2015,Potential
234,83,Italy,5500000,2015,Potential
60,87,Italy,4700000,2015,Potential
40,87,Italy,1000000,2015,Potential
120,85,Italy,8000000,2015,Potential
178,84,Italy,6000000,2015,Potential
180,84,Italy,14500000,2015,Potential
181,84,Italy,17500000,2015,Potential
141,85,Italy,21000000,2015,Potential
138,85,Italy,3900000,2015,Potential
171,84,Italy,18500000,2015,Potential
127,85,Italy,3600000,2015,Potential
135,85,Italy,13000000,2015,Potential
202,84,Italy,18500000,2015,Potential
279,83,Italy,3700000,2015,Potential
267,83,Italy,15500000,2015,Potential
244,83,Italy,2100000,2015,Potential
94,86,Netherlands,825000,2015,Potential
183,84,Netherlands,600000,2015,Potential
245,83,Netherlands,1600000,2015,Potential
308,82,Netherlands,5500000,2015,Potential
300,82,Netherlands,2100000,2015,Potential
145,85,Netherlands,2000000,2015,Potential
280,83,Netherlands,3300000,2015,Potential
9,90,Netherlands,54500000,2015,Potential
182,84,Netherlands,21000000,2015,Potential
210,84,Netherlands,2900000,2015,Potential
222,83,Netherlands,8000000,2015,Potential
218,84,Netherlands,2000000,2015,Potential
177,84,Netherlands,4500000,2015,Potential
272,83,Netherlands,2500000,2015,Potential
236,83,Netherlands,4500000,2015,Potential
159,84,Netherlands,8000000,2015,Potential
227,83,Netherlands,2400000,2015,Potential
115,85,Netherlands,12000000,2015,Potential
21,88,Netherlands,6500000,2015,Potential
176,84,Netherlands,2200000,2015,Potential
223,83,Netherlands,7000000,2015,Potential
33,88,Netherlands,40500000,2015,Potential
188,84,Netherlands,21000000,2015,Potential
340,82,Portugal,3300000,2015,Potential
335,82,Portugal,1100000,2015,Potential
344,82,Portugal,12000000,2015,Potential
173,84,Portugal,11500000,2015,Potential
347,82,Portugal,13500000,2015,Potential
167,84,Portugal,4500000,2015,Potential
332,82,Portugal,1300000,2015,Potential
247,83,Portugal,725000,2015,Potential
139,85,Portugal,5000000,2015,Potential
249,83,Portugal,8500000,2015,Potential
238,83,Portugal,2100000,2015,Potential
268,83,Portugal,2900000,2015,Potential
374,81,Portugal,1500000,2015,Potential
320,82,Portugal,750000,2015,Potential
349,82,Portugal,8000000,2015,Potential
286,83,Portugal,600000,2015,Potential
287,83,Portugal,16500000,2015,Potential
369,81,Portugal,9000000,2015,Potential
2,92,Portugal,79000000,2015,Potential
290,83,Portugal,10000000,2015,Potential
292,83,Portugal,4100000,2015,Potential
295,83,Portugal,4700000,2015,Potential
366,81,Portugal,1800000,2015,Potential
72,86,Spain,10500000,2015,Potential
81,86,Spain,9000000,2015,Potential
67,86,Spain,15500000,2015,Potential
83,86,Spain,12000000,2015,Potential
66,86,Spain,18000000,2015,Potential
23,88,Spain,15000000,2015,Potential
114,85,Spain,13500000,2015,Potential
57,87,Spain,26500000,2015,Potential
89,86,Spain,12000000,2015,Potential
122,85,Spain,4100000,2015,Potential
13,89,Spain,36000000,2015,Potential
99,86,Spain,21000000,2015,Potential
137,85,Spain,2700000,2015,Potential
16,89,Spain,20500000,2015,Potential
95,86,Spain,27000000,2015,Potential
41,87,Spain,13500000,2015,Potential
45,87,Spain,36500000,2015,Potential
133,85,Spain,9500000,2015,Potential
121,85,Spain,5000000,2015,Potential
12,89,Spain,20000000,2015,Potential
132,85,Spain,14000000,2015,Potential
51,87,Spain,31500000,2015,Potential
128,85,Spain,11000000,2015,Potential
66,87,Argentina,34500000,2016,Potential
280,84,Argentina,21000000,2016,Potential
77,87,Argentina,47500000,2016,Potential
159,85,Argentina,10000000,2016,Potential
196,85,Argentina,5500000,2016,Potential
264,84,Argentina,5500000,2016,Potential
151,85,Argentina,14500000,2016,Potential
263,84,Argentina,20000000,2016,Potential
262,84,Argentina,24000000,2016,Potential
136,86,Argentina,34500000,2016,Potential
245,84,Argentina,25500000,2016,Potential
134,86,Argentina,34500000,2016,Potential
239,84,Argentina,1700000,2016,Potential
125,86,Argentina,12500000,2016,Potential
120,86,Argentina,23000000,2016,Potential
267,84,Argentina,17500000,2016,Potential
124,86,Argentina,15000000,2016,Potential
0,95,Argentina,111000000,2016,Potential
47,88,Argentina,12000000,2016,Potential
44,88,Argentina,14000000,2016,Potential
310,83,Argentina,9500000,2016,Potential
58,87,Argentina,20000000,2016,Potential
184,85,Argentina,34000000,2016,Potential
170,85,Belgium,25000000,2016,Potential
278,84,Belgium,4800000,2016,Potential
295,83,Belgium,1000000,2016,Potential
107,86,Belgium,8500000,2016,Potential
98,86,Belgium,27000000,2016,Potential
338,83,Belgium,22000000,2016,Potential
234,84,Belgium,4500000,2016,Potential
274,84,Belgium,17000000,2016,Potential
296,83,Belgium,11000000,2016,Potential
287,84,Belgium,2800000,2016,Potential
200,85,Belgium,26500000,2016,Potential
110,86,Belgium,20000000,2016,Potential
301,83,Belgium,11500000,2016,Potential
370,82,Belgium,4900000,2016,Potential
5,91,Belgium,74000000,2016,Potential
114,86,Belgium,7000000,2016,Potential
241,84,Belgium,11500000,2016,Potential
17,89,Belgium,50500000,2016,Potential
11,90,Belgium,44000000,2016,Potential
288,84,Belgium,20000000,2016,Potential
286,84,Belgium,10000000,2016,Potential
290,84,Belgium,2900000,2016,Potential
10,90,Belgium,10000000,2016,Potential
194,85,Brazil,12000000,2016,Potential
205,85,Brazil,4600000,2016,Potential
198,85,Brazil,25000000,2016,Potential
207,85,Brazil,26000000,2016,Potential
176,85,Brazil,19500000,2016,Potential
188,85,Brazil,9000000,2016,Potential
95,86,Brazil,22000000,2016,Potential
149,85,Brazil,21500000,2016,Potential
1,93,Brazil,71500000,2016,Potential
30,88,Brazil,38000000,2016,Potential
31,88,Brazil,38000000,2016,Potential
35,88,Brazil,38000000,2016,Potential
65,87,Brazil,15500000,2016,Potential
86,87,Brazil,20000000,2016,Potential
101,86,Brazil,10500000,2016,Potential
154,85,Brazil,3800000,2016,Potential
105,86,Brazil,26500000,2016,Potential
193,85,Brazil,9000000,2016,Potential
130,86,Brazil,22500000,2016,Potential
226,84,Brazil,21000000,2016,Potential
222,84,Brazil,10000000,2016,Potential
142,85,Brazil,2800000,2016,Potential
109,86,Brazil,16500000,2016,Potential
132,86,England,29500000,2016,Potential
218,84,England,13000000,2016,Potential
219,84,England,10000000,2016,Potential
83,87,England,10000000,2016,Potential
145,85,England,14000000,2016,Potential
85,87,England,10000000,2016,Potential
258,84,England,12000000,2016,Potential
150,85,England,18500000,2016,Potential
256,84,England,16000000,2016,Potential
254,84,England,8000000,2016,Potential
224,84,England,14000000,2016,Potential
15,89,England,11500000,2016,Potential
227,84,England,11500000,2016,Potential
76,87,England,15500000,2016,Potential
129,86,England,5000000,2016,Potential
231,84,England,4300000,2016,Potential
138,86,England,38500000,2016,Potential
94,86,England,26000000,2016,Potential
166,85,England,10500000,2016,Potential
45,88,England,27000000,2016,Potential
186,85,England,2100000,2016,Potential
6,91,England,56000000,2016,Potential
171,85,England,8500000,2016,Potential
268,84,France,22500000,2016,Potential
80,87,France,10000000,2016,Potential
54,88,France,18000000,2016,Potential
25,88,France,39000000,2016,Potential
277,84,France,10000000,2016,Potential
266,84,France,10000000,2016,Potential
4,92,France,53000000,2016,Potential
273,84,France,13500000,2016,Potential
22,89,France,24500000,2016,Potential
49,88,France,46500000,2016,Potential
182,85,France,7000000,2016,Potential
146,85,France,25500000,2016,Potential
141,85,France,5500000,2016,Potential
158,85,France,12000000,2016,Potential
195,85,France,21000000,2016,Potential
63,87,France,26000000,2016,Potential
260,84,France,5500000,2016,Potential
201,85,France,20500000,2016,Potential
21,89,France,33000000,2016,Potential
174,85,France,29000000,2016,Potential
251,84,France,16000000,2016,Potential
60,87,France,34000000,2016,Potential
187,85,France,14500000,2016,Potential
48,88,Germany,45500000,2016,Potential
9,90,Germany,54500000,2016,Potential
140,85,Germany,9000000,2016,Potential
13,90,Germany,58000000,2016,Potential
24,89,Germany,45000000,2016,Potential
165,85,Germany,7000000,2016,Potential
62,87,Germany,13000000,2016,Potential
50,88,Germany,39000000,2016,Potential
41,88,Germany,10500000,2016,Potential
137,86,Germany,35000000,2016,Potential
40,88,Germany,7000000,2016,Potential
173,85,Germany,19000000,2016,Potential
56,88,Germany,47500000,2016,Potential
90,87,Germany,29500000,2016,Potential
103,86,Germany,26000000,2016,Potential
64,87,Germany,23000000,2016,Potential
126,86,Germany,4500000,2016,Potential
33,88,Germany,38000000,2016,Potential
123,86,Germany,12500000,2016,Potential
39,88,Germany,23500000,2016,Potential
34,88,Germany,32500000,2016,Potential
53,88,Germany,52500000,2016,Potential
42,88,Germany,12500000,2016,Potential
285,84,Italy,9500000,2016,Potential
238,84,Italy,9000000,2016,Potential
81,87,Italy,6500000,2016,Potential
119,86,Italy,23000000,2016,Potential
237,84,Italy,6500000,2016,Potential
78,87,Italy,32500000,2016,Potential
276,84,Italy,12000000,2016,Potential
208,84,Italy,2400000,2016,Potential
206,85,Italy,12000000,2016,Potential
289,84,Italy,26500000,2016,Potential
308,83,Italy,8000000,2016,Potential
315,83,Italy,11500000,2016,Potential
43,88,Italy,12000000,2016,Potential
320,83,Italy,2900000,2016,Potential
307,83,Italy,1800000,2016,Potential
325,83,Italy,2300000,2016,Potential
216,84,Italy,9000000,2016,Potential
20,89,Italy,38000000,2016,Potential
153,85,Italy,17500000,2016,Potential
169,85,Italy,19500000,2016,Potential
333,83,Italy,15000000,2016,Potential
111,86,Italy,20000000,2016,Potential
38,88,Italy,20500000,2016,Potential
215,84,Netherlands,6500000,2016,Potential
8,90,Netherlands,56000000,2016,Potential
99,86,Netherlands,10500000,2016,Potential
257,84,Netherlands,24500000,2016,Potential
212,84,Netherlands,25500000,2016,Potential
213,84,Netherlands,2300000,2016,Potential
175,85,Netherlands,16500000,2016,Potential
104,86,Netherlands,5000000,2016,Potential
160,85,Netherlands,1200000,2016,Potential
214,84,Netherlands,19000000,2016,Potential
249,84,Netherlands,17500000,2016,Potential
252,84,Netherlands,15500000,2016,Potential
311,83,Netherlands,8000000,2016,Potential
304,83,Netherlands,9500000,2016,Potential
197,85,Netherlands,20500000,2016,Potential
18,89,Netherlands,25000000,2016,Potential
89,87,Netherlands,20500000,2016,Potential
26,88,Netherlands,6500000,2016,Potential
230,84,Netherlands,1200000,2016,Potential
156,85,Netherlands,14000000,2016,Potential
72,87,Netherlands,23000000,2016,Potential
259,84,Netherlands,4800000,2016,Potential
162,85,Netherlands,10500000,2016,Potential
127,86,Portugal,14000000,2016,Potential
191,85,Portugal,5500000,2016,Potential
113,86,Portugal,2800000,2016,Potential
190,85,Portugal,12000000,2016,Potential
147,85,Portugal,12000000,2016,Potential
204,85,Portugal,5000000,2016,Potential
217,84,Portugal,17000000,2016,Potential
189,85,Portugal,12000000,2016,Potential
236,84,Portugal,2100000,2016,Potential
299,83,Portugal,6500000,2016,Potential
3,93,Portugal,85500000,2016,Potential
271,84,Portugal,11500000,2016,Potential
27,88,Portugal,20500000,2016,Potential
248,84,Portugal,5500000,2016,Potential
281,84,Portugal,16500000,2016,Potential
164,85,Portugal,8000000,2016,Potential
118,86,Portugal,19500000,2016,Potential
163,85,Portugal,7000000,2016,Potential
88,87,Portugal,20000000,2016,Potential
46,88,Portugal,2600000,2016,Potential
161,85,Portugal,2500000,2016,Potential
240,84,Portugal,7500000,2016,Potential
102,86,Portugal,4500000,2016,Potential
29,88,Spain,24500000,2016,Potential
28,88,Spain,50500000,2016,Potential
57,88,Spain,39000000,2016,Potential
19,89,Spain,39000000,2016,Potential
69,87,Spain,6000000,2016,Potential
37,88,Spain,43000000,2016,Potential
68,87,Spain,5500000,2016,Potential
55,88,Spain,21500000,2016,Potential
61,87,Spain,43500000,2016,Potential
75,87,Spain,30000000,2016,Potential
79,87,Spain,31000000,2016,Potential
122,86,Spain,4300000,2016,Potential
67,87,Spain,15500000,2016,Potential
16,89,Spain,42500000,2016,Potential
59,87,Spain,34000000,2016,Potential
97,86,Spain,4500000,2016,Potential
139,85,Spain,10000000,2016,Potential
70,87,Spain,46500000,2016,Potential
131,86,Spain,29500000,2016,Potential
84,87,Spain,6500000,2016,Potential
32,88,Spain,30000000,2016,Potential
87,87,Spain,17000000,2016,Potential
128,86,Spain,8500000,2016,Potential
122,87,Argentina,45000000,2017,Potential
187,86,Argentina,36500000,2017,Potential
196,86,Argentina,6000000,2017,Potential
4,93,Argentina,89000000,2017,Potential
201,86,Argentina,11000000,2017,Potential
206,86,Argentina,15000000,2017,Potential
67,88,Argentina,16000000,2017,Potential
274,84,Argentina,9500000,2017,Potential
114,87,Argentina,25000000,2017,Potential
296,84,Argentina,4400000,2017,Potential
299,84,Argentina,2000000,2017,Potential
255,85,Argentina,32000000,2017,Potential
220,85,Argentina,21500000,2017,Potential
10,92,Argentina,48000000,2017,Potential
300,84,Argentina,28500000,2017,Potential
46,89,Argentina,61500000,2017,Potential
91,88,Argentina,53500000,2017,Potential
252,85,Argentina,19500000,2017,Potential
243,85,Argentina,14000000,2017,Potential
263,85,Argentina,26000000,2017,Potential
97,87,Argentina,27500000,2017,Potential
35,89,Argentina,24500000,2017,Potential
223,85,Argentina,9000000,2017,Potential
181,86,Belgium,28000000,2017,Potential
279,84,Belgium,4800000,2017,Potential
12,91,Belgium,65500000,2017,Potential
211,85,Belgium,8000000,2017,Potential
225,85,Belgium,12000000,2017,Potential
17,90,Belgium,62000000,2017,Potential
3,93,Belgium,67500000,2017,Potential
22,90,Belgium,41000000,2017,Potential
165,86,Belgium,23000000,2017,Potential
369,83,Belgium,6500000,2017,Potential
304,84,Belgium,7000000,2017,Potential
305,84,Belgium,14000000,2017,Potential
360,83,Belgium,575000,2017,Potential
406,83,Belgium,22000000,2017,Potential
75,88,Belgium,27000000,2017,Potential
339,83,Belgium,11000000,2017,Potential
81,88,Belgium,11000000,2017,Potential
402,83,Belgium,22500000,2017,Potential
401,83,Belgium,17500000,2017,Potential
147,86,Belgium,8500000,2017,Potential
189,86,Belgium,31000000,2017,Potential
42,89,Belgium,11000000,2017,Potential
329,84,Belgium,27500000,2017,Potential
239,85,Brazil,19000000,2017,Potential
222,85,Brazil,2600000,2017,Potential
247,85,Brazil,33000000,2017,Potential
213,85,Brazil,8000000,2017,Potential
194,86,Brazil,6000000,2017,Potential
227,85,Brazil,10000000,2017,Potential
192,86,Brazil,17000000,2017,Potential
0,95,Brazil,109000000,2017,Potential
115,87,Brazil,31000000,2017,Potential
116,87,Brazil,12000000,2017,Potential
95,87,Brazil,23000000,2017,Potential
191,86,Brazil,14000000,2017,Potential
140,87,Brazil,29500000,2017,Potential
162,86,Brazil,30000000,2017,Potential
173,86,Brazil,26500000,2017,Potential
185,86,Brazil,11000000,2017,Potential
126,87,Brazil,13000000,2017,Potential
76,88,Brazil,23500000,2017,Potential
186,86,Brazil,14000000,2017,Potential
31,89,Brazil,44000000,2017,Potential
155,86,Brazil,25500000,2017,Potential
44,89,Brazil,39500000,2017,Potential
183,86,Brazil,5500000,2017,Potential
273,84,England,1800000,2017,Potential
265,85,England,27500000,2017,Potential
78,88,England,27000000,2017,Potential
208,85,England,3300000,2017,Potential
270,84,England,275000,2017,Potential
34,89,England,21500000,2017,Potential
33,89,England,25000000,2017,Potential
73,88,England,12000000,2017,Potential
202,86,England,14000000,2017,Potential
199,86,England,11000000,2017,Potential
164,86,England,1100000,2017,Potential
253,85,England,25000000,2017,Potential
53,88,England,8000000,2017,Potential
38,89,England,24500000,2017,Potential
135,87,England,35000000,2017,Potential
210,85,England,17500000,2017,Potential
24,90,England,72000000,2017,Potential
29,90,England,41000000,2017,Potential
20,90,England,23000000,2017,Potential
230,85,England,2700000,2017,Potential
236,85,England,2000000,2017,Potential
262,85,England,5000000,2017,Potential
272,84,England,1700000,2017,Potential
163,86,France,36000000,2017,Potential
13,91,France,35000000,2017,Potential
15,90,France,29000000,2017,Potential
68,88,France,24000000,2017,Potential
111,87,France,23500000,2017,Potential
167,86,France,24000000,2017,Potential
148,86,France,6000000,2017,Potential
21,90,France,12000000,2017,Potential
182,86,France,17000000,2017,Potential
151,86,France,29500000,2017,Potential
32,89,France,21500000,2017,Potential
70,88,France,20000000,2017,Potential
132,87,France,45500000,2017,Potential
55,88,France,32500000,2017,Potential
40,89,France,43500000,2017,Potential
118,87,France,13000000,2017,Potential
134,87,France,23000000,2017,Potential
99,87,France,3100000,2017,Potential
8,92,France,68500000,2017,Potential
2,94,France,71500000,2017,Potential
93,88,France,45000000,2017,Potential
138,87,France,15000000,2017,Potential
39,89,France,19500000,2017,Potential
9,92,Germany,69500000,2017,Potential
71,88,Germany,15500000,2017,Potential
66,88,Germany,14000000,2017,Potential
90,88,Germany,52000000,2017,Potential
28,90,Germany,68500000,2017,Potential
139,87,Germany,39000000,2017,Potential
86,88,Germany,29500000,2017,Potential
96,87,Germany,20500000,2017,Potential
129,87,Germany,37000000,2017,Potential
84,88,Germany,52500000,2017,Potential
141,87,Germany,23000000,2017,Potential
80,88,Germany,23500000,2017,Potential
142,87,Germany,37000000,2017,Potential
56,88,Germany,27000000,2017,Potential
57,88,Germany,27000000,2017,Potential
106,87,Germany,20000000,2017,Potential
65,88,Germany,15500000,2017,Potential
36,89,Germany,42500000,2017,Potential
113,87,Germany,13000000,2017,Potential
63,88,Germany,15500000,2017,Potential
121,87,Germany,37000000,2017,Potential
18,90,Germany,61000000,2017,Potential
25,90,Germany,56000000,2017,Potential
248,85,Italy,28500000,2017,Potential
249,85,Italy,20500000,2017,Potential
257,85,Italy,21500000,2017,Potential
98,87,Italy,34000000,2017,Potential
168,86,Italy,23000000,2017,Potential
275,84,Italy,9500000,2017,Potential
281,84,Italy,11500000,2017,Potential
286,84,Italy,19000000,2017,Potential
59,88,Italy,27000000,2017,Potential
128,87,Italy,13000000,2017,Potential
246,85,Italy,5000000,2017,Potential
79,88,Italy,7000000,2017,Potential
150,86,Italy,35000000,2017,Potential
198,86,Italy,11000000,2017,Potential
207,85,Italy,14000000,2017,Potential
26,90,Italy,44000000,2017,Potential
226,85,Italy,10500000,2017,Potential
82,88,Italy,9000000,2017,Potential
177,86,Italy,6500000,2017,Potential
149,86,Italy,26500000,2017,Potential
237,85,Italy,21500000,2017,Potential
87,88,Italy,34000000,2017,Potential
233,85,Italy,22500000,2017,Potential
301,84,Netherlands,21000000,2017,Potential
124,87,Netherlands,34000000,2017,Potential
200,86,Netherlands,12000000,2017,Potential
278,84,Netherlands,19000000,2017,Potential
343,83,Netherlands,11000000,2017,Potential
282,84,Netherlands,16000000,2017,Potential
62,88,Netherlands,23500000,2017,Potential
229,85,Netherlands,12000000,2017,Potential
368,83,Netherlands,6500000,2017,Potential
303,84,Netherlands,12000000,2017,Potential
290,84,Netherlands,15500000,2017,Potential
238,85,Netherlands,21500000,2017,Potential
224,85,Netherlands,9000000,2017,Potential
347,83,Netherlands,5500000,2017,Potential
108,87,Netherlands,20000000,2017,Potential
146,86,Netherlands,6500000,2017,Potential
294,84,Netherlands,2000000,2017,Potential
362,83,Netherlands,575000,2017,Potential
361,83,Netherlands,650000,2017,Potential
104,87,Netherlands,2900000,2017,Potential
354,83,Netherlands,2300000,2017,Potential
385,83,Netherlands,9500000,2017,Potential
387,83,Netherlands,8000000,2017,Potential
212,85,Portugal,12000000,2017,Potential
156,86,Portugal,7500000,2017,Potential
1,94,Portugal,87000000,2017,Potential
137,87,Portugal,25000000,2017,Potential
193,86,Portugal,6000000,2017,Potential
30,90,Portugal,39000000,2017,Potential
19,90,Portugal,13000000,2017,Potential
260,85,Portugal,28000000,2017,Potential
217,85,Portugal,7000000,2017,Potential
231,85,Portugal,10000000,2017,Potential
64,88,Portugal,23500000,2017,Potential
254,85,Portugal,5000000,2017,Potential
228,85,Portugal,12000000,2017,Potential
176,86,Portugal,8500000,2017,Potential
179,86,Portugal,5500000,2017,Potential
152,86,Portugal,10500000,2017,Potential
60,88,Portugal,31000000,2017,Potential
52,88,Portugal,32500000,2017,Potential
240,85,Portugal,1200000,2017,Potential
190,86,Portugal,19500000,2017,Potential
127,87,Portugal,13000000,2017,Potential
83,88,Portugal,23500000,2017,Potential
94,87,Portugal,23000000,2017,Potential
49,88,Spain,38000000,2017,Potential
48,88,Spain,37000000,2017,Potential
154,86,Spain,9500000,2017,Potential
41,89,Spain,43500000,2017,Potential
61,88,Spain,21000000,2017,Potential
145,86,Spain,36000000,2017,Potential
85,88,Spain,41500000,2017,Potential
160,86,Spain,25000000,2017,Potential
110,87,Spain,35500000,2017,Potential
109,87,Spain,20500000,2017,Potential
125,87,Spain,13000000,2017,Potential
153,86,Spain,8500000,2017,Potential
7,92,Spain,68500000,2017,Potential
102,87,Spain,20000000,2017,Potential
69,88,Spain,23500000,2017,Potential
37,89,Spain,25000000,2017,Potential
136,87,Spain,35000000,2017,Potential
172,86,Spain,33500000,2017,Potential
105,87,Spain,20000000,2017,Potential
107,87,Spain,23500000,2017,Potential
131,87,Spain,41500000,2017,Potential
88,88,Spain,39500000,2017,Potential
171,86,Spain,29500000,2017,Potential
279,85,Argentina,11500000,2018,Potential
202,86,Argentina,10000000,2018,Potential
198,86,Argentina,1700000,2018,Potential
144,87,Argentina,19000000,2018,Potential
206,86,Argentina,10000000,2018,Potential
140,87,Argentina,24500000,2018,Potential
81,88,Argentina,6500000,2018,Potential
6,93,Argentina,105000000,2018,Potential
4,93,Argentina,79000000,2018,Potential
174,86,Argentina,18000000,2018,Potential
275,85,Argentina,13500000,2018,Potential
61,89,Argentina,25500000,2018,Potential
51,89,Argentina,66500000,2018,Potential
57,89,Argentina,42000000,2018,Potential
240,85,Argentina,17500000,2018,Potential
38,90,Argentina,77000000,2018,Potential
304,84,Argentina,14000000,2018,Potential
228,86,Argentina,27000000,2018,Potential
25,90,Argentina,6500000,2018,Potential
285,85,Argentina,37500000,2018,Potential
220,86,Argentina,12500000,2018,Potential
219,86,Argentina,7000000,2018,Potential
267,85,Argentina,14500000,2018,Potential
332,84,Belgium,12500000,2018,Potential
12,92,Belgium,59000000,2018,Potential
322,84,Belgium,14000000,2018,Potential
189,86,Belgium,42500000,2018,Potential
323,84,Belgium,5500000,2018,Potential
11,92,Belgium,83000000,2018,Potential
338,84,Belgium,18500000,2018,Potential
355,83,Belgium,25000000,2018,Potential
41,90,Belgium,23500000,2018,Potential
22,91,Belgium,90500000,2018,Potential
36,90,Belgium,51500000,2018,Potential
167,86,Belgium,15000000,2018,Potential
270,85,Belgium,15000000,2018,Potential
236,85,Belgium,20000000,2018,Potential
307,84,Belgium,11500000,2018,Potential
345,84,Belgium,19500000,2018,Potential
118,87,Belgium,40500000,2018,Potential
286,85,Belgium,26000000,2018,Potential
348,83,Belgium,22000000,2018,Potential
327,84,Belgium,1300000,2018,Potential
182,86,Belgium,43000000,2018,Potential
293,85,Belgium,28500000,2018,Potential
30,90,Belgium,59000000,2018,Potential
106,88,Brazil,44000000,2018,Potential
58,89,Brazil,42000000,2018,Potential
49,89,Brazil,30500000,2018,Potential
209,86,Brazil,24000000,2018,Potential
109,87,Brazil,38000000,2018,Potential
90,88,Brazil,29500000,2018,Potential
53,89,Brazil,56000000,2018,Potential
225,86,Brazil,33000000,2018,Potential
227,86,Brazil,0,2018,Potential
229,86,Brazil,17500000,2018,Potential
119,87,Brazil,21000000,2018,Potential
99,88,Brazil,34000000,2018,Potential
210,86,Brazil,23500000,2018,Potential
235,85,Brazil,19500000,2018,Potential
187,86,Brazil,13500000,2018,Potential
132,87,Brazil,34000000,2018,Potential
9,92,Brazil,31000000,2018,Potential
1,94,Brazil,123000000,2018,Potential
44,89,Brazil,26000000,2018,Potential
244,85,Brazil,3800000,2018,Potential
184,86,Brazil,29000000,2018,Potential
179,86,Brazil,5000000,2018,Potential
178,86,Brazil,25500000,2018,Potential
63,89,England,22500000,2018,Potential
213,86,England,24000000,2018,Potential
199,86,England,1300000,2018,Potential
158,87,England,18000000,2018,Potential
221,86,England,800000,2018,Potential
176,86,England,7000000,2018,Potential
260,85,England,1900000,2018,Potential
224,86,England,7500000,2018,Potential
274,85,England,5500000,2018,Potential
233,85,England,14500000,2018,Potential
117,87,England,1200000,2018,Potential
154,87,England,25000000,2018,Potential
239,85,England,20000000,2018,Potential
258,85,England,8500000,2018,Potential
152,87,England,21000000,2018,Potential
248,85,England,7000000,2018,Potential
136,87,England,29500000,2018,Potential
161,86,England,15000000,2018,Potential
249,85,England,1300000,2018,Potential
29,90,England,42500000,2018,Potential
64,89,England,800000,2018,Potential
33,90,England,59000000,2018,Potential
48,89,England,69500000,2018,Potential
162,86,France,22500000,2018,Potential
112,87,France,11500000,2018,Potential
3,94,France,41500000,2018,Potential
150,87,France,24000000,2018,Potential
34,90,France,32500000,2018,Potential
55,89,France,35500000,2018,Potential
60,89,France,30500000,2018,Potential
137,87,France,18500000,2018,Potential
62,89,France,11500000,2018,Potential
8,92,France,66500000,2018,Potential
160,86,France,13000000,2018,Potential
26,90,France,52500000,2018,Potential
101,88,France,48500000,2018,Potential
21,91,France,38000000,2018,Potential
95,88,France,38000000,2018,Potential
80,88,France,13500000,2018,Potential
10,92,France,40000000,2018,Potential
73,88,France,26000000,2018,Potential
121,87,France,14000000,2018,Potential
86,88,France,29500000,2018,Potential
16,92,France,46500000,2018,Potential
20,91,France,75000000,2018,Potential
71,88,France,10500000,2018,Potential
78,88,Germany,26000000,2018,Potential
77,88,Germany,22000000,2018,Potential
145,87,Germany,46000000,2018,Potential
94,88,Germany,48000000,2018,Potential
155,87,Germany,18500000,2018,Potential
170,86,Germany,24500000,2018,Potential
56,89,Germany,35500000,2018,Potential
93,88,Germany,60000000,2018,Potential
19,91,Germany,34000000,2018,Potential
13,92,Germany,61000000,2018,Potential
134,87,Germany,21000000,2018,Potential
156,87,Germany,20500000,2018,Potential
88,88,Germany,8000000,2018,Potential
28,90,Germany,31000000,2018,Potential
75,88,Germany,30000000,2018,Potential
98,88,Germany,34000000,2018,Potential
113,87,Germany,30000000,2018,Potential
43,89,Germany,30500000,2018,Potential
138,87,Germany,39500000,2018,Potential
107,87,Germany,18500000,2018,Potential
103,88,Germany,48000000,2018,Potential
191,86,Germany,11000000,2018,Potential
40,90,Germany,79000000,2018,Potential
148,87,Italy,11500000,2018,Potential
151,87,Italy,24500000,2018,Potential
297,85,Italy,33000000,2018,Potential
115,87,Italy,16000000,2018,Potential
276,85,Italy,13000000,2018,Potential
205,86,Italy,10000000,2018,Potential
211,86,Italy,45000000,2018,Potential
27,90,Italy,37000000,2018,Potential
50,89,Italy,38000000,2018,Potential
54,89,Italy,4500000,2018,Potential
186,86,Italy,17500000,2018,Potential
69,88,Italy,30500000,2018,Potential
247,85,Italy,10500000,2018,Potential
222,86,Italy,8500000,2018,Potential
89,88,Italy,19000000,2018,Potential
18,91,Italy,64500000,2018,Potential
273,85,Italy,14500000,2018,Potential
97,88,Italy,10500000,2018,Potential
283,85,Italy,5000000,2018,Potential
92,88,Italy,25000000,2018,Potential
2,94,Italy,28500000,2018,Potential
105,88,Italy,44000000,2018,Potential
226,86,Italy,3900000,2018,Potential
315,84,Netherlands,4000000,2018,Potential
214,86,Netherlands,7000000,2018,Potential
325,84,Netherlands,12000000,2018,Potential
42,89,Netherlands,11500000,2018,Potential
100,88,Netherlands,36000000,2018,Potential
281,85,Netherlands,27500000,2018,Potential
288,85,Netherlands,28000000,2018,Potential
367,83,Netherlands,10000000,2018,Potential
301,84,Netherlands,17000000,2018,Potential
328,84,Netherlands,11500000,2018,Potential
212,86,Netherlands,8500000,2018,Potential
317,84,Netherlands,9000000,2018,Potential
291,85,Netherlands,27000000,2018,Potential
342,84,Netherlands,10000000,2018,Potential
372,83,Netherlands,15500000,2018,Potential
378,83,Netherlands,10500000,2018,Potential
319,84,Netherlands,14000000,2018,Potential
385,83,Netherlands,27000000,2018,Potential
85,88,Netherlands,29000000,2018,Potential
261,85,Netherlands,9500000,2018,Potential
217,86,Netherlands,27500000,2018,Potential
389,83,Netherlands,11000000,2018,Potential
284,85,Netherlands,35000000,2018,Potential
17,91,Portugal,43500000,2018,Potential
163,86,Portugal,12000000,2018,Potential
188,86,Portugal,27500000,2018,Potential
116,87,Portugal,20500000,2018,Potential
215,86,Portugal,22500000,2018,Potential
218,86,Portugal,27500000,2018,Potential
181,86,Portugal,15500000,2018,Potential
194,86,Portugal,12000000,2018,Potential
67,88,Portugal,25000000,2018,Potential
173,86,Portugal,15000000,2018,Potential
223,86,Portugal,17000000,2018,Potential
172,86,Portugal,13500000,2018,Potential
200,86,Portugal,24000000,2018,Potential
201,86,Portugal,24000000,2018,Potential
83,88,Portugal,34000000,2018,Potential
164,86,Portugal,14000000,2018,Potential
70,88,Portugal,30000000,2018,Potential
0,94,Portugal,95500000,2018,Potential
250,85,Portugal,3800000,2018,Potential
252,85,Portugal,9500000,2018,Potential
272,85,Portugal,14500000,2018,Potential
271,85,Portugal,14500000,2018,Potential
269,85,Portugal,12500000,2018,Potential
124,87,Spain,15500000,2018,Potential
142,87,Spain,32000000,2018,Potential
74,88,Spain,41000000,2018,Potential
122,87,Spain,20500000,2018,Potential
35,90,Spain,32000000,2018,Potential
65,89,Spain,31000000,2018,Potential
149,87,Spain,16000000,2018,Potential
72,88,Spain,39500000,2018,Potential
91,88,Spain,21000000,2018,Potential
15,92,Spain,64500000,2018,Potential
126,87,Spain,44000000,2018,Potential
157,87,Spain,24500000,2018,Potential
147,87,Spain,37500000,2018,Potential
82,88,Spain,16500000,2018,Potential
32,90,Spain,56500000,2018,Potential
37,90,Spain,52000000,2018,Potential
39,90,Spain,70500000,2018,Potential
141,87,Spain,29500000,2018,Potential
130,87,Spain,37500000,2018,Potential
131,87,Spain,29500000,2018,Potential
128,87,Spain,5000000,2018,Potential
127,87,Spain,17500000,2018,Potential
7,92,Spain,46000000,2018,Potential
267,85,Argentina,6000000,2019,Potential
263,85,Argentina,9500000,2019,Potential
196,86,Argentina,18000000,2019,Potential
111,88,Argentina,57000000,2019,Potential
73,89,Argentina,64500000,2019,Potential
214,86,Argentina,33000000,2019,Potential
234,86,Argentina,20000000,2019,Potential
269,85,Argentina,5500000,2019,Potential
217,86,Argentina,20500000,2019,Potential
202,86,Argentina,16500000,2019,Potential
245,85,Argentina,20000000,2019,Potential
248,85,Argentina,0,2019,Potential
290,85,Argentina,3500000,2019,Potential
34,90,Argentina,64500000,2019,Potential
300,85,Argentina,23000000,2019,Potential
293,85,Argentina,3800000,2019,Potential
47,89,Argentina,12000000,2019,Potential
3,94,Argentina,110500000,2019,Potential
283,85,Argentina,12500000,2019,Potential
316,84,Argentina,29500000,2019,Potential
281,85,Argentina,12500000,2019,Potential
280,85,Argentina,15000000,2019,Potential
2,94,Argentina,89000000,2019,Potential
66,89,Belgium,20000000,2019,Potential
278,85,Belgium,1300000,2019,Potential
72,89,Belgium,62500000,2019,Potential
270,85,Belgium,10500000,2019,Potential
397,83,Belgium,1300000,2019,Potential
402,83,Belgium,12000000,2019,Potential
394,83,Belgium,21500000,2019,Potential
242,85,Belgium,23500000,2019,Potential
146,87,Belgium,45000000,2019,Potential
145,87,Belgium,34000000,2019,Potential
409,83,Belgium,650000,2019,Potential
302,85,Belgium,22000000,2019,Potential
303,85,Belgium,22500000,2019,Potential
355,84,Belgium,12000000,2019,Potential
305,85,Belgium,35500000,2019,Potential
91,88,Belgium,34500000,2019,Potential
348,84,Belgium,14000000,2019,Potential
27,91,Belgium,62000000,2019,Potential
325,84,Belgium,29000000,2019,Potential
24,91,Belgium,93000000,2019,Potential
18,92,Belgium,102000000,2019,Potential
298,85,Belgium,19500000,2019,Potential
183,86,Belgium,34000000,2019,Potential
204,86,Brazil,10500000,2019,Potential
59,89,Brazil,42500000,2019,Potential
211,86,Brazil,46500000,2019,Potential
41,90,Brazil,36500000,2019,Potential
197,86,Brazil,17500000,2019,Potential
55,89,Brazil,35500000,2019,Potential
9,93,Brazil,118500000,2019,Potential
10,92,Brazil,17500000,2019,Potential
75,89,Brazil,69500000,2019,Potential
65,89,Brazil,31000000,2019,Potential
37,90,Brazil,32000000,2019,Potential
198,86,Brazil,18000000,2019,Potential
160,87,Brazil,29500000,2019,Potential
179,87,Brazil,32000000,2019,Potential
113,88,Brazil,24000000,2019,Potential
31,90,Brazil,36500000,2019,Potential
32,90,Brazil,41500000,2019,Potential
17,92,Brazil,40500000,2019,Potential
157,87,Brazil,18500000,2019,Potential
166,87,Brazil,12000000,2019,Potential
115,88,Brazil,43000000,2019,Potential
117,88,Brazil,54500000,2019,Potential
21,91,Brazil,61500000,2019,Potential
252,85,England,10000000,2019,Potential
221,86,England,23500000,2019,Potential
109,88,England,60000000,2019,Potential
222,86,England,725000,2019,Potential
83,88,England,8000000,2019,Potential
13,92,England,86000000,2019,Potential
226,86,England,17000000,2019,Potential
249,85,England,19500000,2019,Potential
114,88,England,12000000,2019,Potential
90,88,England,14000000,2019,Potential
213,86,England,10500000,2019,Potential
116,88,England,49000000,2019,Potential
203,86,England,20000000,2019,Potential
132,87,England,1400000,2019,Potential
40,90,England,42500000,2019,Potential
63,89,England,26500000,2019,Potential
272,85,England,9500000,2019,Potential
288,85,England,1400000,2019,Potential
174,87,England,6500000,2019,Potential
159,87,England,1800000,2019,Potential
155,87,England,25000000,2019,Potential
215,86,England,10500000,2019,Potential
277,85,England,1800000,2019,Potential
126,87,France,15500000,2019,Potential
110,88,France,36000000,2019,Potential
141,87,France,34000000,2019,Potential
176,87,France,8500000,2019,Potential
0,95,France,72000000,2019,Potential
118,87,France,33000000,2019,Potential
43,90,France,78000000,2019,Potential
94,88,France,29500000,2019,Potential
48,89,France,12000000,2019,Potential
50,89,France,35500000,2019,Potential
20,91,France,73000000,2019,Potential
46,90,France,63000000,2019,Potential
22,91,France,34000000,2019,Potential
12,92,France,57000000,2019,Potential
52,89,France,50000000,2019,Potential
80,88,France,12000000,2019,Potential
11,92,France,51500000,2019,Potential
49,89,France,30500000,2019,Potential
97,88,France,34000000,2019,Potential
61,89,France,26000000,2019,Potential
76,89,France,26500000,2019,Potential
87,88,France,16500000,2019,Potential
51,89,France,35500000,2019,Potential
100,88,Germany,19000000,2019,Potential
236,86,Germany,1000000,2019,Potential
121,87,Germany,24000000,2019,Potential
70,89,Germany,51500000,2019,Potential
190,86,Germany,43500000,2019,Potential
138,87,Germany,34500000,2019,Potential
170,87,Germany,27000000,2019,Potential
237,86,Germany,34500000,2019,Potential
191,86,Germany,17500000,2019,Potential
8,93,Germany,62500000,2019,Potential
230,86,Germany,17500000,2019,Potential
95,88,Germany,29500000,2019,Potential
15,92,Germany,58000000,2019,Potential
103,88,Germany,30500000,2019,Potential
93,88,Germany,30500000,2019,Potential
223,86,Germany,32500000,2019,Potential
92,88,Germany,34000000,2019,Potential
45,90,Germany,76500000,2019,Potential
209,86,Germany,46000000,2019,Potential
85,88,Germany,40500000,2019,Potential
39,90,Germany,36500000,2019,Potential
35,90,Germany,44000000,2019,Potential
81,88,Germany,2200000,2019,Potential
152,87,Italy,30000000,2019,Potential
106,88,Italy,4000000,2019,Potential
199,86,Italy,15000000,2019,Potential
147,87,Italy,29500000,2019,Potential
168,87,Italy,38000000,2019,Potential
108,88,Italy,62000000,2019,Potential
6,93,Italy,29000000,2019,Potential
165,87,Italy,1500000,2019,Potential
57,89,Italy,16000000,2019,Potential
74,89,Italy,27000000,2019,Potential
164,87,Italy,1500000,2019,Potential
54,89,Italy,29500000,2019,Potential
133,87,Italy,12500000,2019,Potential
154,87,Italy,52000000,2019,Potential
177,87,Italy,6500000,2019,Potential
220,86,Italy,14000000,2019,Potential
67,89,Italy,26500000,2019,Potential
192,86,Italy,24500000,2019,Potential
102,88,Italy,1300000,2019,Potential
89,88,Italy,13500000,2019,Potential
210,86,Italy,30000000,2019,Potential
53,89,Italy,55000000,2019,Potential
112,88,Italy,10500000,2019,Potential
308,85,Netherlands,19500000,2019,Potential
292,85,Netherlands,1300000,2019,Potential
104,88,Netherlands,35000000,2019,Potential
328,84,Netherlands,2300000,2019,Potential
274,85,Netherlands,1100000,2019,Potential
416,83,Netherlands,25000000,2019,Potential
391,83,Netherlands,11000000,2019,Potential
231,86,Netherlands,11000000,2019,Potential
401,83,Netherlands,14500000,2019,Potential
406,83,Netherlands,25500000,2019,Potential
413,83,Netherlands,26000000,2019,Potential
228,86,Netherlands,13500000,2019,Potential
127,87,Netherlands,38500000,2019,Potential
418,83,Netherlands,3600000,2019,Potential
424,83,Netherlands,14000000,2019,Potential
185,86,Netherlands,31500000,2019,Potential
346,84,Netherlands,30500000,2019,Potential
19,91,Netherlands,20500000,2019,Potential
332,84,Netherlands,14500000,2019,Potential
376,83,Netherlands,11500000,2019,Potential
254,85,Netherlands,13000000,2019,Potential
339,84,Netherlands,3300000,2019,Potential
387,83,Netherlands,12500000,2019,Potential
137,87,Portugal,34000000,2019,Potential
194,86,Portugal,20000000,2019,Potential
241,85,Portugal,2200000,2019,Potential
38,90,Portugal,42500000,2019,Potential
178,87,Portugal,9500000,2019,Potential
227,86,Portugal,17000000,2019,Potential
163,87,Portugal,29500000,2019,Potential
224,86,Portugal,27000000,2019,Potential
238,85,Portugal,19500000,2019,Potential
255,85,Portugal,13500000,2019,Potential
306,85,Portugal,9000000,2019,Potential
201,86,Portugal,29000000,2019,Potential
169,87,Portugal,20500000,2019,Potential
1,94,Portugal,77000000,2019,Potential
216,86,Portugal,6500000,2019,Potential
271,85,Portugal,9500000,2019,Potential
189,86,Portugal,25000000,2019,Potential
314,84,Portugal,4700000,2019,Potential
205,86,Portugal,31500000,2019,Potential
188,86,Portugal,15500000,2019,Potential
246,85,Portugal,20000000,2019,Potential
193,86,Portugal,9500000,2019,Potential
144,87,Portugal,18500000,2019,Potential
105,88,Spain,46000000,2019,Potential
151,87,Spain,16000000,2019,Potential
120,87,Spain,15500000,2019,Potential
26,91,Spain,52000000,2019,Potential
14,92,Spain,83000000,2019,Potential
119,87,Spain,21000000,2019,Potential
139,87,Spain,34000000,2019,Potential
29,91,Spain,51000000,2019,Potential
23,91,Spain,28500000,2019,Potential
149,87,Spain,38000000,2019,Potential
153,87,Spain,21500000,2019,Potential
4,93,Spain,56500000,2019,Potential
158,87,Spain,29500000,2019,Potential
131,87,Spain,21000000,2019,Potential
156,87,Spain,24500000,2019,Potential
134,87,Spain,29000000,2019,Potential
161,87,Spain,1800000,2019,Potential
7,93,Spain,72000000,2019,Potential
101,88,Spain,1800000,2019,Potential
135,87,Spain,40500000,2019,Potential
84,88,Spain,21000000,2019,Potential
71,89,Spain,51500000,2019,Potential
77,88,Spain,18500000,2019,Potential
181,87,Argentina,2300000,2020,Potential
65,89,Argentina,35000000,2020,Potential
62,89,Argentina,26500000,2020,Potential
297,85,Argentina,20000000,2020,Potential
174,87,Argentina,8000000,2020,Potential
177,87,Argentina,11500000,2020,Potential
8,92,Argentina,76500000,2020,Potential
1,94,Argentina,95500000,2020,Potential
294,85,Argentina,9000000,2020,Potential
73,89,Argentina,60000000,2020,Potential
105,88,Argentina,3700000,2020,Potential
202,86,Argentina,29000000,2020,Potential
212,86,Argentina,12500000,2020,Potential
222,86,Argentina,5000000,2020,Potential
128,87,Argentina,16000000,2020,Potential
237,86,Argentina,3800000,2020,Potential
104,88,Argentina,6500000,2020,Potential
244,86,Argentina,17500000,2020,Potential
254,86,Argentina,39000000,2020,Potential
192,86,Argentina,13500000,2020,Potential
267,85,Argentina,1900000,2020,Potential
185,87,Argentina,14000000,2020,Potential
247,86,Argentina,46000000,2020,Potential
129,87,Belgium,6000000,2020,Potential
63,89,Belgium,48000000,2020,Potential
395,84,Belgium,3800000,2020,Potential
365,84,Belgium,17000000,2020,Potential
21,91,Belgium,90000000,2020,Potential
394,84,Belgium,3800000,2020,Potential
317,85,Belgium,22000000,2020,Potential
142,87,Belgium,32500000,2020,Potential
327,85,Belgium,12000000,2020,Potential
341,84,Belgium,14000000,2020,Potential
159,87,Belgium,20500000,2020,Potential
165,87,Belgium,40000000,2020,Potential
303,85,Belgium,31500000,2020,Potential
20,91,Belgium,90000000,2020,Potential
223,86,Belgium,1300000,2020,Potential
288,85,Belgium,8500000,2020,Potential
417,83,Belgium,625000,2020,Potential
259,86,Belgium,46000000,2020,Potential
256,86,Belgium,32500000,2020,Potential
434,83,Belgium,22500000,2020,Potential
418,83,Belgium,14000000,2020,Potential
283,85,Belgium,15500000,2020,Potential
157,87,Belgium,41000000,2020,Potential
42,89,Brazil,14000000,2020,Potential
82,88,Brazil,22500000,2020,Potential
43,89,Brazil,41000000,2020,Potential
7,92,Brazil,22500000,2020,Potential
90,88,Brazil,34500000,2020,Potential
276,85,Brazil,36500000,2020,Potential
255,86,Brazil,31000000,2020,Potential
208,86,Brazil,24000000,2020,Potential
250,86,Brazil,46500000,2020,Potential
248,86,Brazil,33000000,2020,Potential
18,91,Brazil,58000000,2020,Potential
231,86,Brazil,12500000,2020,Potential
228,86,Brazil,4900000,2020,Potential
15,91,Brazil,54500000,2020,Potential
27,90,Brazil,51500000,2020,Potential
78,88,Brazil,31000000,2020,Potential
13,92,Brazil,105500000,2020,Potential
53,89,Brazil,45000000,2020,Potential
55,89,Brazil,20000000,2020,Potential
163,87,Brazil,18500000,2020,Potential
160,87,Brazil,19500000,2020,Potential
72,89,Brazil,53500000,2020,Potential
172,87,Brazil,52000000,2020,Potential
207,86,England,1800000,2020,Potential
196,86,England,7000000,2020,Potential
54,89,England,43500000,2020,Potential
191,86,England,1500000,2020,Potential
140,87,England,30000000,2020,Potential
188,86,England,11500000,2020,Potential
195,86,England,11000000,2020,Potential
198,86,England,1500000,2020,Potential
64,89,England,32000000,2020,Potential
134,87,England,15000000,2020,Potential
178,87,England,1500000,2020,Potential
17,91,England,83000000,2020,Potential
233,86,England,13500000,2020,Potential
234,86,England,11000000,2020,Potential
23,90,England,16500000,2020,Potential
79,88,England,11500000,2020,Potential
26,90,England,73000000,2020,Potential
84,88,England,20000000,2020,Potential
100,88,England,17500000,2020,Potential
45,89,England,41500000,2020,Potential
97,88,England,35000000,2020,Potential
12,92,England,44500000,2020,Potential
189,86,England,20000000,2020,Potential
0,95,France,93500000,2020,Potential
101,88,France,34500000,2020,Potential
114,88,France,36000000,2020,Potential
110,88,France,4600000,2020,Potential
98,88,France,40500000,2020,Potential
92,88,France,34000000,2020,Potential
89,88,France,14000000,2020,Potential
87,88,France,18000000,2020,Potential
86,88,France,15500000,2020,Potential
71,89,France,45000000,2020,Potential
122,87,France,34000000,2020,Potential
61,89,France,26000000,2020,Potential
59,89,France,26000000,2020,Potential
44,89,France,37500000,2020,Potential
149,87,France,26500000,2020,Potential
40,89,France,50000000,2020,Potential
38,90,France,66000000,2020,Potential
66,89,France,69000000,2020,Potential
121,87,France,33000000,2020,Potential
32,90,France,45000000,2020,Potential
29,90,France,56500000,2020,Potential
19,91,France,72500000,2020,Potential
24,90,France,42500000,2020,Potential
99,88,Germany,40500000,2020,Potential
9,92,Germany,61000000,2020,Potential
109,88,Germany,57000000,2020,Potential
108,88,Germany,56000000,2020,Potential
111,88,Germany,48000000,2020,Potential
279,85,Germany,15500000,2020,Potential
277,85,Germany,19500000,2020,Potential
4,93,Germany,67500000,2020,Potential
117,88,Germany,32000000,2020,Potential
166,87,Germany,41000000,2020,Potential
210,86,Germany,23000000,2020,Potential
252,86,Germany,43500000,2020,Potential
182,87,Germany,39500000,2020,Potential
10,92,Germany,46000000,2020,Potential
131,87,Germany,15500000,2020,Potential
91,88,Germany,31000000,2020,Potential
260,86,Germany,32500000,2020,Potential
37,90,Germany,46500000,2020,Potential
251,86,Germany,26000000,2020,Potential
85,88,Germany,40000000,2020,Potential
183,87,Germany,13000000,2020,Potential
127,87,Germany,34500000,2020,Potential
246,86,Germany,16000000,2020,Potential
41,89,Italy,14000000,2020,Potential
75,89,Italy,24500000,2020,Potential
74,89,Italy,32000000,2020,Potential
50,89,Italy,13500000,2020,Potential
48,89,Italy,14500000,2020,Potential
39,89,Italy,54500000,2020,Potential
11,92,Italy,41500000,2020,Potential
77,88,Italy,21500000,2020,Potential
80,88,Italy,12000000,2020,Potential
180,87,Italy,14500000,2020,Potential
242,86,Italy,3900000,2020,Potential
168,87,Italy,30000000,2020,Potential
167,87,Italy,11500000,2020,Potential
187,86,Italy,18000000,2020,Potential
164,87,Italy,13000000,2020,Potential
194,86,Italy,1600000,2020,Potential
235,86,Italy,11500000,2020,Potential
201,86,Italy,26000000,2020,Potential
126,87,Italy,52000000,2020,Potential
153,87,Italy,18000000,2020,Potential
136,87,Italy,18500000,2020,Potential
219,86,Italy,12000000,2020,Potential
120,87,Italy,18500000,2020,Potential
209,86,Netherlands,1800000,2020,Potential
22,91,Netherlands,52000000,2020,Potential
404,84,Netherlands,17500000,2020,Potential
213,86,Netherlands,11500000,2020,Potential
150,87,Netherlands,29500000,2020,Potential
241,86,Netherlands,3700000,2020,Potential
354,84,Netherlands,10500000,2020,Potential
102,88,Netherlands,40500000,2020,Potential
224,86,Netherlands,7000000,2020,Potential
300,85,Netherlands,31500000,2020,Potential
400,84,Netherlands,1200000,2020,Potential
214,86,Netherlands,11500000,2020,Potential
14,91,Netherlands,78000000,2020,Potential
306,85,Netherlands,12000000,2020,Potential
328,84,Netherlands,20000000,2020,Potential
154,87,Netherlands,24500000,2020,Potential
361,84,Netherlands,11500000,2020,Potential
310,85,Netherlands,1500000,2020,Potential
424,83,Netherlands,5500000,2020,Potential
6,93,Netherlands,50000000,2020,Potential
422,83,Netherlands,4800000,2020,Potential
304,85,Netherlands,625000,2020,Potential
349,84,Netherlands,31000000,2020,Potential
344,84,Portugal,14000000,2020,Potential
336,84,Portugal,17000000,2020,Potential
238,86,Portugal,18500000,2020,Potential
298,85,Portugal,1800000,2020,Potential
152,87,Portugal,26000000,2020,Potential
290,85,Portugal,20000000,2020,Potential
148,87,Portugal,29000000,2020,Potential
285,85,Portugal,27500000,2020,Potential
266,85,Portugal,12000000,2020,Potential
123,87,Portugal,14500000,2020,Potential
176,87,Portugal,33500000,2020,Potential
193,86,Portugal,20500000,2020,Potential
103,88,Portugal,49000000,2020,Potential
94,88,Portugal,34500000,2020,Potential
292,85,Portugal,10000000,2020,Potential
46,89,Portugal,36500000,2020,Potential
33,90,Portugal,64000000,2020,Potential
315,85,Portugal,6000000,2020,Potential
206,86,Portugal,29000000,2020,Potential
211,86,Portugal,11500000,2020,Potential
5,93,Portugal,28000000,2020,Potential
3,93,Portugal,58500000,2020,Potential
171,87,Portugal,12000000,2020,Potential
132,87,Spain,5000000,2020,Potential
135,87,Spain,18500000,2020,Potential
124,87,Spain,50000000,2020,Potential
70,89,Spain,31500000,2020,Potential
119,88,Spain,38000000,2020,Potential
156,87,Spain,24500000,2020,Potential
113,88,Spain,36000000,2020,Potential
161,87,Spain,19000000,2020,Potential
138,87,Spain,18500000,2020,Potential
162,87,Spain,21000000,2020,Potential
141,87,Spain,40000000,2020,Potential
170,87,Spain,51000000,2020,Potential
143,87,Spain,34000000,2020,Potential
93,88,Spain,26000000,2020,Potential
130,87,Spain,29500000,2020,Potential
67,89,Spain,31000000,2020,Potential
144,87,Spain,24000000,2020,Potential
34,90,Spain,36000000,2020,Potential
36,90,Spain,56000000,2020,Potential
47,89,Spain,31000000,2020,Potential
58,89,Spain,55000000,2020,Potential
52,89,Spain,49500000,2020,Potential
31,90,Spain,47000000,2020,Potential
58,89,Argentina,83500000,2021,Potential
290,85,Argentina,28000000,2021,Potential
198,86,Argentina,23500000,2021,Potential
80,88,Argentina,7500000,2021,Potential
61,89,Argentina,109000000,2021,Potential
284,85,Argentina,27000000,2021,Potential
289,85,Argentina,40500000,2021,Potential
300,85,Argentina,9500000,2021,Potential
249,85,Argentina,15500000,2021,Potential
277,85,Argentina,4400000,2021,Potential
1,93,Argentina,103500000,2021,Potential
245,85,Argentina,12500000,2021,Potential
243,85,Argentina,12500000,2021,Potential
242,85,Argentina,11500000,2021,Potential
114,87,Argentina,63000000,2021,Potential
146,87,Argentina,46000000,2021,Potential
226,86,Argentina,54000000,2021,Potential
20,91,Argentina,86500000,2021,Potential
220,86,Argentina,63000000,2021,Potential
266,85,Argentina,27500000,2021,Potential
40,89,Argentina,8000000,2021,Potential
273,85,Argentina,27000000,2021,Potential
303,85,Argentina,9500000,2021,Potential
251,85,Belgium,5500000,2021,Potential
254,85,Belgium,1800000,2021,Potential
305,84,Belgium,29500000,2021,Potential
256,85,Belgium,31000000,2021,Potential
218,86,Belgium,63000000,2021,Potential
145,87,Belgium,2700000,2021,Potential
205,86,Belgium,2300000,2021,Potential
271,85,Belgium,34500000,2021,Potential
265,85,Belgium,37000000,2021,Potential
363,84,Belgium,6000000,2021,Potential
301,85,Belgium,36500000,2021,Potential
379,83,Belgium,5000000,2021,Potential
443,83,Belgium,22000000,2021,Potential
431,83,Belgium,28000000,2021,Potential
93,88,Belgium,89500000,2021,Potential
401,83,Belgium,12000000,2021,Potential
18,91,Belgium,129000000,2021,Potential
424,83,Belgium,38500000,2021,Potential
77,88,Belgium,4800000,2021,Potential
380,83,Belgium,18500000,2021,Potential
422,83,Belgium,2100000,2021,Potential
392,83,Belgium,17000000,2021,Potential
31,90,Belgium,82000000,2021,Potential
143,87,Brazil,81500000,2021,Potential
54,89,Brazil,88500000,2021,Potential
50,89,Brazil,63500000,2021,Potential
165,87,Brazil,31500000,2021,Potential
131,87,Brazil,40000000,2021,Potential
161,87,Brazil,52500000,2021,Potential
160,87,Brazil,7500000,2021,Potential
122,87,Brazil,38500000,2021,Potential
13,91,Brazil,102000000,2021,Potential
23,90,Brazil,38000000,2021,Potential
21,91,Brazil,132000000,2021,Potential
19,91,Brazil,92000000,2021,Potential
57,89,Brazil,90500000,2021,Potential
166,87,Brazil,4800000,2021,Potential
52,89,Brazil,66000000,2021,Potential
4,93,Brazil,50000000,2021,Potential
72,88,Brazil,31000000,2021,Potential
138,87,Brazil,31500000,2021,Potential
92,88,Brazil,52000000,2021,Potential
107,88,Brazil,39500000,2021,Potential
70,88,Brazil,30000000,2021,Potential
173,86,Brazil,39000000,2021,Potential
170,86,Brazil,9500000,2021,Potential
2,93,England,124000000,2021,Potential
180,86,England,22000000,2021,Potential
42,89,England,24500000,2021,Potential
184,86,England,4400000,2021,Potential
186,86,England,31000000,2021,Potential
15,91,England,86500000,2021,Potential
78,88,England,13000000,2021,Potential
66,88,England,52000000,2021,Potential
196,86,England,33500000,2021,Potential
179,86,England,10000000,2021,Potential
11,92,England,114000000,2021,Potential
191,86,England,30000000,2021,Potential
87,88,England,38500000,2021,Potential
109,87,England,52000000,2021,Potential
156,87,England,36000000,2021,Potential
172,86,England,4000000,2021,Potential
55,89,England,109000000,2021,Potential
33,90,England,114500000,2021,Potential
56,89,England,90500000,2021,Potential
76,88,England,49500000,2021,Potential
53,89,England,26000000,2021,Potential
97,88,England,3500000,2021,Potential
132,87,England,43000000,2021,Potential
0,95,France,185500000,2021,Potential
149,87,France,41500000,2021,Potential
151,87,France,77500000,2021,Potential
59,89,France,83500000,2021,Potential
41,89,France,57500000,2021,Potential
24,90,France,92500000,2021,Potential
89,88,France,29500000,2021,Potential
83,88,France,61000000,2021,Potential
63,88,France,49500000,2021,Potential
137,87,France,9500000,2021,Potential
47,89,France,57500000,2021,Potential
130,87,France,36500000,2021,Potential
101,88,France,17000000,2021,Potential
91,88,France,72500000,2021,Potential
71,88,France,60500000,2021,Potential
125,87,France,26000000,2021,Potential
128,87,France,13500000,2021,Potential
96,88,France,78000000,2021,Potential
36,90,France,37000000,2021,Potential
95,88,France,51000000,2021,Potential
37,89,France,67000000,2021,Potential
74,88,France,3200000,2021,Potential
124,87,France,40500000,2021,Potential
6,93,Germany,110000000,2021,Potential
7,93,Germany,121000000,2021,Potential
79,88,Germany,74500000,2021,Potential
90,88,Germany,87500000,2021,Potential
73,88,Germany,3300000,2021,Potential
81,88,Germany,60500000,2021,Potential
178,86,Germany,1500000,2021,Potential
262,85,Germany,44500000,2021,Potential
281,85,Germany,3500000,2021,Potential
175,86,Germany,950000,2021,Potential
29,90,Germany,103000000,2021,Potential
75,88,Germany,58500000,2021,Potential
292,85,Germany,12000000,2021,Potential
49,89,Germany,57500000,2021,Potential
197,86,Germany,35000000,2021,Potential
26,90,Germany,81500000,2021,Potential
153,87,Germany,70000000,2021,Potential
237,85,Germany,29000000,2021,Potential
141,87,Germany,3600000,2021,Potential
60,89,Germany,17500000,2021,Potential
139,87,Germany,46000000,2021,Potential
230,86,Germany,65500000,2021,Potential
228,86,Germany,46500000,2021,Potential
336,84,Italy,23000000,2021,Potential
206,86,Italy,2300000,2021,Potential
10,92,Italy,93500000,2021,Potential
283,85,Italy,53000000,2021,Potential
332,84,Italy,26500000,2021,Potential
264,85,Italy,26000000,2021,Potential
119,87,Italy,42000000,2021,Potential
14,91,Italy,24000000,2021,Potential
338,84,Italy,12500000,2021,Potential
202,86,Italy,5500000,2021,Potential
313,84,Italy,1500000,2021,Potential
150,87,Italy,77500000,2021,Potential
376,83,Italy,18500000,2021,Potential
323,84,Italy,28000000,2021,Potential
304,84,Italy,13500000,2021,Potential
157,87,Italy,78000000,2021,Potential
159,87,Italy,45500000,2021,Potential
329,84,Italy,21000000,2021,Potential
298,85,Italy,27500000,2021,Potential
162,87,Italy,20000000,2021,Potential
181,86,Italy,16500000,2021,Potential
133,87,Italy,27000000,2021,Potential
118,87,Italy,21000000,2021,Potential
276,85,Netherlands,40000000,2021,Potential
309,84,Netherlands,21000000,2021,Potential
296,85,Netherlands,1500000,2021,Potential
280,85,Netherlands,29000000,2021,Potential
324,84,Netherlands,1500000,2021,Potential
268,85,Netherlands,52500000,2021,Potential
16,91,Netherlands,113000000,2021,Potential
255,85,Netherlands,1900000,2021,Potential
306,84,Netherlands,3100000,2021,Potential
9,92,Netherlands,99000000,2021,Potential
189,86,Netherlands,31500000,2021,Potential
215,86,Netherlands,12500000,2021,Potential
108,88,Netherlands,22000000,2021,Potential
106,88,Netherlands,71500000,2021,Potential
333,84,Netherlands,9500000,2021,Potential
212,86,Netherlands,22000000,2021,Potential
121,87,Netherlands,52000000,2021,Potential
216,86,Netherlands,4000000,2021,Potential
351,84,Netherlands,1600000,2021,Potential
28,90,Netherlands,81000000,2021,Potential
85,88,Netherlands,56000000,2021,Potential
127,87,Netherlands,13500000,2021,Potential
163,87,Netherlands,4700000,2021,Potential
250,85,Portugal,6000000,2021,Potential
247,85,Portugal,30000000,2021,Potential
246,85,Portugal,16000000,2021,Potential
12,92,Portugal,63000000,2021,Potential
252,85,Portugal,5500000,2021,Potential
144,87,Portugal,3500000,2021,Potential
223,86,Portugal,43500000,2021,Potential
210,86,Portugal,33500000,2021,Potential
17,91,Portugal,34000000,2021,Potential
204,86,Portugal,5000000,2021,Potential
201,86,Portugal,15500000,2021,Potential
176,86,Portugal,7500000,2021,Potential
134,87,Portugal,61000000,2021,Potential
120,87,Portugal,37000000,2021,Potential
111,87,Portugal,40500000,2021,Potential
110,87,Portugal,17000000,2021,Potential
105,88,Portugal,27500000,2021,Potential
25,90,Portugal,105500000,2021,Potential
65,88,Portugal,95000000,2021,Potential
229,86,Portugal,43500000,2021,Potential
261,85,Portugal,28500000,2021,Potential
147,87,Portugal,46000000,2021,Potential
3,93,Portugal,62500000,2021,Potential
199,86,Spain,10000000,2021,Potential
217,86,Spain,61500000,2021,Potential
100,88,Spain,6000000,2021,Potential
51,89,Spain,56500000,2021,Potential
84,88,Spain,56000000,2021,Potential
102,88,Spain,49500000,2021,Potential
152,87,Spain,39500000,2021,Potential
48,89,Spain,58000000,2021,Potential
187,86,Spain,29000000,2021,Potential
158,87,Spain,55500000,2021,Potential
27,90,Spain,66500000,2021,Potential
62,89,Spain,33500000,2021,Potential
213,86,Spain,27000000,2021,Potential
30,90,Spain,17000000,2021,Potential
88,88,Spain,13500000,2021,Potential
39,89,Spain,58000000,2021,Potential
68,88,Spain,66500000,2021,Potential
211,86,Spain,33000000,2021,Potential
135,87,Spain,56000000,2021,Potential
171,86,Spain,43500000,2021,Potential
86,88,Spain,42500000,2021,Potential
98,88,Spain,48000000,2021,Potential
169,86,Spain,33500000,2021,Potential
284,84,Argentina,37000000,2022,Potential
294,84,Argentina,6500000,2022,Potential
204,86,Argentina,48000000,2022,Potential
232,85,Argentina,25000000,2022,Potential
289,84,Argentina,1800000,2022,Potential
119,87,Argentina,41500000,2022,Potential
207,86,Argentina,10000000,2022,Potential
271,85,Argentina,33500000,2022,Potential
203,86,Argentina,10000000,2022,Potential
221,85,Argentina,5000000,2022,Potential
263,85,Argentina,33500000,2022,Potential
260,85,Argentina,12500000,2022,Potential
228,85,Argentina,25000000,2022,Potential
246,85,Argentina,7000000,2022,Potential
103,87,Argentina,51000000,2022,Potential
209,85,Argentina,35500000,2022,Potential
301,84,Argentina,2900000,2022,Potential
70,88,Argentina,93000000,2022,Potential
1,93,Argentina,78000000,2022,Potential
311,84,Argentina,26500000,2022,Potential
316,84,Argentina,12500000,2022,Potential
136,87,Argentina,49500000,2022,Potential
44,89,Argentina,78000000,2022,Potential
16,91,Belgium,85500000,2022,Potential
322,84,Belgium,20500000,2022,Potential
98,87,Belgium,4300000,2022,Potential
380,83,Belgium,24000000,2022,Potential
376,83,Belgium,3800000,2022,Potential
363,83,Belgium,0,2022,Potential
364,83,Belgium,2700000,2022,Potential
127,87,Belgium,52000000,2022,Potential
383,83,Belgium,3100000,2022,Potential
241,85,Belgium,1200000,2022,Potential
79,88,Belgium,23000000,2022,Potential
296,84,Belgium,45000000,2022,Potential
414,83,Belgium,1800000,2022,Potential
18,91,Belgium,125500000,2022,Potential
275,85,Belgium,52000000,2022,Potential
394,83,Belgium,24500000,2022,Potential
108,87,Belgium,57000000,2022,Potential
229,85,Belgium,2600000,2022,Potential
391,83,Belgium,3300000,2022,Potential
242,85,Belgium,12500000,2022,Potential
66,88,Belgium,93500000,2022,Potential
373,83,Belgium,2700000,2022,Potential
409,83,Belgium,6500000,2022,Potential
59,89,Brazil,56500000,2022,Potential
236,85,Brazil,2600000,2022,Potential
116,87,Brazil,46000000,2022,Potential
61,88,Brazil,39500000,2022,Potential
122,87,Brazil,52500000,2022,Potential
118,87,Brazil,2700000,2022,Potential
71,88,Brazil,38500000,2022,Potential
74,88,Brazil,18000000,2022,Potential
243,85,Brazil,26000000,2022,Potential
248,85,Brazil,7000000,2022,Potential
89,88,Brazil,73500000,2022,Potential
200,86,Brazil,36500000,2022,Potential
124,87,Brazil,46500000,2022,Potential
225,85,Brazil,22000000,2022,Potential
48,89,Brazil,88000000,2022,Potential
192,86,Brazil,35500000,2022,Potential
29,90,Brazil,82000000,2022,Potential
27,90,Brazil,90500000,2022,Potential
184,86,Brazil,38500000,2022,Potential
196,86,Brazil,17000000,2022,Potential
19,91,Brazil,129000000,2022,Potential
14,91,Brazil,94000000,2022,Potential
21,90,Brazil,46500000,2022,Potential
161,86,England,40500000,2022,Potential
6,92,England,114000000,2022,Potential
109,87,England,36000000,2022,Potential
12,91,England,116500000,2022,Potential
117,87,England,48500000,2022,Potential
68,88,England,45500000,2022,Potential
62,88,England,83500000,2022,Potential
9,92,England,94500000,2022,Potential
57,89,England,107500000,2022,Potential
54,89,England,37000000,2022,Potential
52,89,England,58500000,2022,Potential
91,88,England,43500000,2022,Potential
39,89,England,30500000,2022,Potential
46,89,England,77500000,2022,Potential
78,88,England,23000000,2022,Potential
105,87,England,7000000,2022,Potential
170,86,England,37000000,2022,Potential
33,90,England,129500000,2022,Potential
185,86,England,31500000,2022,Potential
110,87,England,43000000,2022,Potential
173,86,England,31000000,2022,Potential
92,87,England,23000000,2022,Potential
172,86,England,33000000,2022,Potential
0,95,France,194000000,2022,Potential
169,86,France,37500000,2022,Potential
112,87,France,46000000,2022,Potential
180,86,France,38500000,2022,Potential
75,88,France,55000000,2022,Potential
73,88,France,7000000,2022,Potential
154,86,France,29500000,2022,Potential
24,90,France,64000000,2022,Potential
22,90,France,62500000,2022,Potential
85,88,France,68500000,2022,Potential
31,90,France,100000000,2022,Potential
133,87,France,81000000,2022,Potential
167,86,France,29000000,2022,Potential
166,86,France,31500000,2022,Potential
38,89,France,29500000,2022,Potential
40,89,France,49500000,2022,Potential
107,87,France,45500000,2022,Potential
138,87,France,79500000,2022,Potential
42,89,France,66000000,2022,Potential
88,88,France,52500000,2022,Potential
141,87,France,13500000,2022,Potential
182,86,France,31000000,2022,Potential
49,89,France,53000000,2022,Potential
160,86,Germany,64500000,2022,Potential
77,88,Germany,13000000,2022,Potential
37,89,Germany,29500000,2022,Potential
226,85,Germany,2900000,2022,Potential
32,90,Germany,13500000,2022,Potential
30,90,Germany,108000000,2022,Potential
72,88,Germany,93000000,2022,Potential
80,88,Germany,75000000,2022,Potential
265,85,Germany,42500000,2022,Potential
152,86,Germany,44000000,2022,Potential
258,85,Germany,32000000,2022,Potential
269,85,Germany,4500000,2022,Potential
210,85,Germany,36000000,2022,Potential
111,87,Germany,46000000,2022,Potential
279,85,Germany,43000000,2022,Potential
282,85,Germany,4200000,2022,Potential
8,92,Germany,94500000,2022,Potential
278,85,Germany,51500000,2022,Potential
115,87,Germany,40500000,2022,Potential
7,92,Germany,99000000,2022,Potential
102,87,Germany,56000000,2022,Potential
143,87,Germany,56500000,2022,Potential
128,87,Germany,66000000,2022,Potential
121,87,Italy,42000000,2022,Potential
276,85,Italy,17500000,2022,Potential
53,89,Italy,63500000,2022,Potential
11,91,Italy,80500000,2022,Potential
130,87,Italy,4100000,2022,Potential
268,85,Italy,52500000,2022,Potential
114,87,Italy,35000000,2022,Potential
224,85,Italy,3100000,2022,Potential
193,86,Italy,30000000,2022,Potential
126,87,Italy,39500000,2022,Potential
255,85,Italy,28000000,2022,Potential
285,84,Italy,26500000,2022,Potential
158,86,Italy,38000000,2022,Potential
181,86,Italy,65500000,2022,Potential
3,93,Italy,119500000,2022,Potential
157,86,Italy,12000000,2022,Potential
41,89,Italy,44500000,2022,Potential
290,84,Italy,2600000,2022,Potential
139,87,Italy,79500000,2022,Potential
190,86,Italy,22500000,2022,Potential
76,88,Italy,10500000,2022,Potential
135,87,Italy,31500000,2022,Potential
137,87,Italy,67500000,2022,Potential
23,90,Netherlands,75000000,2022,Potential
211,85,Netherlands,16500000,2022,Potential
256,85,Netherlands,28500000,2022,Potential
25,90,Netherlands,33000000,2022,Potential
320,84,Netherlands,1600000,2022,Potential
288,84,Netherlands,1600000,2022,Potential
261,85,Netherlands,12000000,2022,Potential
306,84,Netherlands,25000000,2022,Potential
287,84,Netherlands,30000000,2022,Potential
5,92,Netherlands,119500000,2022,Potential
51,89,Netherlands,86000000,2022,Potential
149,86,Netherlands,63000000,2022,Potential
191,86,Netherlands,38500000,2022,Potential
189,86,Netherlands,11500000,2022,Potential
244,85,Netherlands,33000000,2022,Potential
239,85,Netherlands,20000000,2022,Potential
270,85,Netherlands,45000000,2022,Potential
245,85,Netherlands,7000000,2022,Potential
247,85,Netherlands,7500000,2022,Potential
233,85,Netherlands,28000000,2022,Potential
318,84,Netherlands,21500000,2022,Potential
234,85,Netherlands,25500000,2022,Potential
314,84,Netherlands,24500000,2022,Potential
87,88,Portugal,51500000,2022,Potential
86,88,Portugal,29000000,2022,Potential
222,85,Portugal,12500000,2022,Potential
20,91,Portugal,45000000,2022,Potential
259,85,Portugal,28500000,2022,Potential
125,87,Portugal,41000000,2022,Potential
55,89,Portugal,107500000,2022,Potential
230,85,Portugal,6000000,2022,Potential
198,86,Portugal,15000000,2022,Potential
134,87,Portugal,80000000,2022,Potential
186,86,Portugal,5500000,2022,Potential
183,86,Portugal,4000000,2022,Potential
177,86,Portugal,33000000,2022,Potential
131,87,Portugal,71500000,2022,Potential
206,86,Portugal,39000000,2022,Potential
208,85,Portugal,17000000,2022,Potential
223,85,Portugal,6500000,2022,Potential
251,85,Portugal,12000000,2022,Potential
96,87,Portugal,46000000,2022,Potential
15,91,Portugal,82000000,2022,Potential
104,87,Portugal,46000000,2022,Potential
237,85,Portugal,3700000,2022,Potential
13,91,Portugal,102500000,2022,Potential
58,89,Spain,56500000,2022,Potential
36,89,Spain,81000000,2022,Potential
47,89,Spain,77000000,2022,Potential
163,86,Spain,34500000,2022,Potential
35,89,Spain,88000000,2022,Potential
34,89,Spain,77500000,2022,Potential
174,86,Spain,42000000,2022,Potential
151,86,Spain,47000000,2022,Potential
176,86,Spain,68000000,2022,Potential
148,86,Spain,65000000,2022,Potential
147,86,Spain,45000000,2022,Potential
146,86,Spain,53500000,2022,Potential
82,88,Spain,24000000,2022,Potential
188,86,Spain,21500000,2022,Potential
28,90,Spain,17500000,2022,Potential
26,90,Spain,68500000,2022,Potential
120,87,Spain,41500000,2022,Potential
113,87,Spain,40500000,2022,Potential
159,86,Spain,31500000,2022,Potential
94,87,Spain,50000000,2022,Potential
90,88,Spain,51500000,2022,Potential
17,91,Spain,54000000,2022,Potential
97,87,Spain,46000000,2022,Potential
