index,overall,nationality,value_eur,fifa_jaar,soort
83,83,Argentina,14500000,2015,Overall
0,93,Argentina,100500000,2015,Overall
225,80,Argentina,12500000,2015,Overall
114,82,Argentina,13000000,2015,Overall
116,82,Argentina,14500000,2015,Overall
138,82,Argentina,18000000,2015,Overall
311,79,Argentina,8500000,2015,Overall
310,79,Argentina,7500000,2015,Overall
301,79,Argentina,6500000,2015,Overall
266,79,Argentina,5500000,2015,Overall
263,79,Argentina,6500000,2015,Overall
260,79,Argentina,3400000,2015,Overall
255,79,Argentina,4500000,2015,Overall
242,80,Argentina,11000000,2015,Overall
236,80,Argentina,11000000,2015,Overall
233,80,Argentina,10500000,2015,Overall
110,82,Argentina,12500000,2015,Overall
71,83,Argentina,11500000,2015,Overall
227,80,Argentina,10500000,2015,Overall
23,86,Argentina,45500000,2015,Overall
26,86,Argentina,45500000,2015,Overall
33,85,Argentina,21000000,2015,Overall
57,84,Argentina,27000000,2015,Overall
128,82,Belgium,16000000,2015,Overall
126,82,Belgium,14500000,2015,Overall
30,86,Belgium,27000000,2015,Overall
130,82,Belgium,18500000,2015,Overall
11,88,Belgium,40500000,2015,Overall
583,75,Belgium,2900000,2015,Overall
238,80,Belgium,10500000,2015,Overall
600,75,Belgium,3300000,2015,Overall
604,75,Belgium,2700000,2015,Overall
421,77,Belgium,5500000,2015,Overall
357,78,Belgium,7500000,2015,Overall
22,86,Belgium,31500000,2015,Overall
389,77,Belgium,4200000,2015,Overall
193,81,Belgium,12000000,2015,Overall
288,79,Belgium,7500000,2015,Overall
218,80,Belgium,12500000,2015,Overall
221,80,Belgium,12000000,2015,Overall
272,79,Belgium,6500000,2015,Overall
472,76,Belgium,6000000,2015,Overall
518,76,Belgium,5000000,2015,Overall
216,80,Belgium,12500000,2015,Overall
290,79,Belgium,9000000,2015,Overall
229,80,Belgium,12000000,2015,Overall
174,81,Brazil,11500000,2015,Overall
180,81,Brazil,10500000,2015,Overall
63,84,Brazil,21000000,2015,Overall
108,82,Brazil,9000000,2015,Overall
105,82,Brazil,10500000,2015,Overall
115,82,Brazil,11500000,2015,Overall
189,81,Brazil,10000000,2015,Overall
95,83,Brazil,18500000,2015,Overall
109,82,Brazil,16000000,2015,Overall
81,83,Brazil,12500000,2015,Overall
14,87,Brazil,29000000,2015,Overall
121,82,Brazil,13500000,2015,Overall
150,82,Brazil,15000000,2015,Overall
139,82,Brazil,15000000,2015,Overall
29,86,Brazil,31000000,2015,Overall
135,82,Brazil,14500000,2015,Overall
133,82,Brazil,14500000,2015,Overall
161,81,Brazil,6500000,2015,Overall
162,81,Brazil,10500000,2015,Overall
134,82,Brazil,17000000,2015,Overall
131,82,Brazil,16000000,2015,Overall
166,81,Brazil,4900000,2015,Overall
73,83,Brazil,10000000,2015,Overall
65,83,England,7000000,2015,Overall
270,79,England,8000000,2015,Overall
253,79,England,5500000,2015,Overall
21,86,England,40000000,2015,Overall
92,83,England,15000000,2015,Overall
172,81,England,12000000,2015,Overall
203,80,England,10000000,2015,Overall
119,82,England,12500000,2015,Overall
171,81,England,9500000,2015,Overall
113,82,England,15000000,2015,Overall
85,83,England,18500000,2015,Overall
157,81,England,4900000,2015,Overall
16,87,England,39000000,2015,Overall
277,79,England,6000000,2015,Overall
102,82,England,3900000,2015,Overall
246,80,England,10000000,2015,Overall
262,79,England,5000000,2015,Overall
257,79,England,5000000,2015,Overall
250,79,England,110000,2015,Overall
259,79,England,5500000,2015,Overall
251,79,England,1200000,2015,Overall
190,81,England,9500000,2015,Overall
199,80,England,4300000,2015,Overall
9,88,France,33000000,2015,Overall
205,80,France,8000000,2015,Overall
160,81,France,9000000,2015,Overall
173,81,France,9500000,2015,Overall
99,83,France,13500000,2015,Overall
147,82,France,15000000,2015,Overall
212,80,France,9500000,2015,Overall
84,83,France,14000000,2015,Overall
204,80,France,4900000,2015,Overall
80,83,France,15000000,2015,Overall
211,80,France,7500000,2015,Overall
34,85,France,27000000,2015,Overall
194,81,France,8000000,2015,Overall
181,81,France,11500000,2015,Overall
196,81,France,8000000,2015,Overall
56,84,France,23000000,2015,Overall
176,81,France,11000000,2015,Overall
215,80,France,9500000,2015,Overall
67,83,France,10500000,2015,Overall
214,80,France,9500000,2015,Overall
35,85,France,21000000,2015,Overall
120,82,France,16000000,2015,Overall
187,81,France,10500000,2015,Overall
145,82,Germany,11500000,2015,Overall
44,85,Germany,21000000,2015,Overall
60,84,Germany,19500000,2015,Overall
28,86,Germany,39000000,2015,Overall
8,88,Germany,39000000,2015,Overall
163,81,Germany,10500000,2015,Overall
24,86,Germany,44000000,2015,Overall
107,82,Germany,16000000,2015,Overall
27,86,Germany,40000000,2015,Overall
153,81,Germany,1300000,2015,Overall
25,86,Germany,35500000,2015,Overall
183,81,Germany,10500000,2015,Overall
182,81,Germany,12000000,2015,Overall
132,82,Germany,16000000,2015,Overall
144,82,Germany,11500000,2015,Overall
93,83,Germany,15000000,2015,Overall
41,85,Germany,23000000,2015,Overall
112,82,Germany,17000000,2015,Overall
42,85,Germany,21000000,2015,Overall
4,90,Germany,63500000,2015,Overall
66,83,Germany,12500000,2015,Overall
64,83,Germany,11500000,2015,Overall
12,87,Germany,24500000,2015,Overall
58,84,Italy,21000000,2015,Overall
140,82,Italy,16500000,2015,Overall
49,84,Italy,17500000,2015,Overall
86,83,Italy,15500000,2015,Overall
87,83,Italy,18500000,2015,Overall
118,82,Italy,18500000,2015,Overall
46,84,Italy,6000000,2015,Overall
101,82,Italy,7000000,2015,Overall
48,84,Italy,14500000,2015,Overall
106,82,Italy,9500000,2015,Overall
69,83,Italy,7000000,2015,Overall
224,80,Italy,14000000,2015,Overall
197,80,Italy,1200000,2015,Overall
237,80,Italy,13000000,2015,Overall
299,79,Italy,7500000,2015,Overall
249,79,Italy,2500000,2015,Overall
307,79,Italy,8000000,2015,Overall
169,81,Italy,10500000,2015,Overall
200,80,Italy,10000000,2015,Overall
235,80,Italy,9500000,2015,Overall
244,80,Italy,9500000,2015,Overall
264,79,Italy,7000000,2015,Overall
258,79,Italy,7000000,2015,Overall
309,79,Netherlands,7000000,2015,Overall
50,84,Netherlands,21000000,2015,Overall
2,90,Netherlands,54500000,2015,Overall
284,79,Netherlands,8000000,2015,Overall
158,81,Netherlands,10000000,2015,Overall
53,84,Netherlands,21000000,2015,Overall
314,79,Netherlands,7500000,2015,Overall
434,76,Netherlands,3600000,2015,Overall
281,79,Netherlands,6000000,2015,Overall
392,77,Netherlands,5000000,2015,Overall
159,81,Netherlands,8500000,2015,Overall
375,77,Netherlands,4700000,2015,Overall
261,79,Netherlands,7500000,2015,Overall
191,81,Netherlands,12000000,2015,Overall
366,78,Netherlands,5500000,2015,Overall
368,78,Netherlands,6500000,2015,Overall
354,78,Netherlands,8000000,2015,Overall
412,77,Netherlands,4500000,2015,Overall
7,88,Netherlands,40500000,2015,Overall
440,76,Netherlands,3800000,2015,Overall
353,78,Netherlands,0,2015,Overall
408,77,Netherlands,6500000,2015,Overall
403,77,Netherlands,5500000,2015,Overall
269,79,Portugal,6000000,2015,Overall
359,78,Portugal,8500000,2015,Overall
223,80,Portugal,0,2015,Overall
376,77,Portugal,0,2015,Overall
164,81,Portugal,12000000,2015,Overall
222,80,Portugal,11500000,2015,Overall
1,92,Portugal,79000000,2015,Overall
286,79,Portugal,8000000,2015,Overall
319,78,Portugal,0,2015,Overall
104,82,Portugal,13500000,2015,Overall
352,78,Portugal,7500000,2015,Overall
273,79,Portugal,7500000,2015,Overall
339,78,Portugal,6500000,2015,Overall
385,77,Portugal,4900000,2015,Overall
78,83,Portugal,16500000,2015,Overall
369,78,Portugal,5000000,2015,Overall
315,79,Portugal,5500000,2015,Overall
186,81,Portugal,9000000,2015,Overall
68,83,Portugal,10000000,2015,Overall
344,78,Portugal,7000000,2015,Overall
207,80,Portugal,6500000,2015,Overall
198,80,Portugal,6500000,2015,Overall
202,80,Portugal,10500000,2015,Overall
39,85,Spain,26500000,2015,Overall
75,83,Spain,13000000,2015,Overall
96,83,Spain,18000000,2015,Overall
74,83,Spain,15500000,2015,Overall
37,85,Spain,27000000,2015,Overall
72,83,Spain,17000000,2015,Overall
146,82,Spain,13500000,2015,Overall
100,83,Spain,15000000,2015,Overall
43,85,Spain,20000000,2015,Overall
117,82,Spain,14500000,2015,Overall
97,83,Spain,13500000,2015,Overall
36,85,Spain,21000000,2015,Overall
15,87,Spain,36500000,2015,Overall
154,81,Spain,10000000,2015,Overall
47,84,Spain,11500000,2015,Overall
111,82,Spain,13500000,2015,Overall
55,84,Spain,23000000,2015,Overall
13,87,Spain,31500000,2015,Overall
19,86,Spain,15500000,2015,Overall
5,89,Spain,36000000,2015,Overall
54,84,Spain,20500000,2015,Overall
45,84,Spain,16500000,2015,Overall
52,84,Spain,20000000,2015,Overall
112,83,Argentina,25500000,2016,Overall
88,83,Argentina,15000000,2016,Overall
100,83,Argentina,21000000,2016,Overall
0,94,Argentina,111000000,2016,Overall
185,81,Argentina,5000000,2016,Overall
78,84,Argentina,24000000,2016,Overall
204,81,Argentina,20000000,2016,Overall
217,81,Argentina,20000000,2016,Overall
223,81,Argentina,23000000,2016,Overall
230,81,Argentina,17500000,2016,Overall
245,80,Argentina,9500000,2016,Overall
309,79,Argentina,4500000,2016,Overall
250,80,Argentina,9500000,2016,Overall
255,80,Argentina,13000000,2016,Overall
292,80,Argentina,18000000,2016,Overall
279,80,Argentina,17500000,2016,Overall
130,82,Argentina,14000000,2016,Overall
75,84,Argentina,34500000,2016,Overall
135,82,Argentina,15000000,2016,Overall
26,86,Argentina,34500000,2016,Overall
62,84,Argentina,34500000,2016,Overall
49,85,Argentina,34000000,2016,Overall
13,87,Argentina,47500000,2016,Overall
36,86,Belgium,50500000,2016,Overall
490,77,Belgium,9000000,2016,Overall
428,78,Belgium,11500000,2016,Overall
462,77,Belgium,7500000,2016,Overall
143,82,Belgium,16000000,2016,Overall
35,86,Belgium,44000000,2016,Overall
422,78,Belgium,11000000,2016,Overall
144,82,Belgium,22000000,2016,Overall
423,78,Belgium,11500000,2016,Overall
151,82,Belgium,27000000,2016,Overall
389,78,Belgium,8500000,2016,Overall
268,80,Belgium,14000000,2016,Overall
202,81,Belgium,20000000,2016,Overall
381,78,Belgium,7000000,2016,Overall
368,78,Belgium,6000000,2016,Overall
42,85,Belgium,25000000,2016,Overall
107,83,Belgium,26500000,2016,Overall
212,81,Belgium,17000000,2016,Overall
257,80,Belgium,14000000,2016,Overall
352,79,Belgium,12500000,2016,Overall
294,80,Belgium,20000000,2016,Overall
6,89,Belgium,74000000,2016,Overall
252,80,Belgium,10500000,2016,Overall
132,82,Brazil,6000000,2016,Overall
114,83,Brazil,19000000,2016,Overall
10,88,Brazil,71500000,2016,Overall
186,81,Brazil,7500000,2016,Overall
72,84,Brazil,38000000,2016,Overall
71,84,Brazil,38000000,2016,Overall
124,82,Brazil,11500000,2016,Overall
138,82,Brazil,14500000,2016,Overall
60,84,Brazil,16000000,2016,Overall
171,82,Brazil,26500000,2016,Overall
169,82,Brazil,26000000,2016,Overall
155,82,Brazil,25000000,2016,Overall
149,82,Brazil,23500000,2016,Overall
74,84,Brazil,28500000,2016,Overall
159,82,Brazil,22000000,2016,Overall
106,83,Brazil,22500000,2016,Overall
63,84,Brazil,21000000,2016,Overall
145,82,Brazil,17500000,2016,Overall
110,83,Brazil,21000000,2016,Overall
97,83,Brazil,19000000,2016,Overall
8,88,Brazil,38000000,2016,Overall
141,82,Brazil,16000000,2016,Overall
46,85,Brazil,19500000,2016,Overall
101,83,England,29500000,2016,Overall
94,83,England,17500000,2016,Overall
153,82,England,26000000,2016,Overall
92,83,England,16500000,2016,Overall
61,84,England,25000000,2016,Overall
219,81,England,21000000,2016,Overall
194,81,England,12000000,2016,Overall
221,81,England,18500000,2016,Overall
237,80,England,9000000,2016,Overall
195,81,England,19500000,2016,Overall
183,81,England,10000000,2016,Overall
242,80,England,13000000,2016,Overall
55,84,England,10000000,2016,Overall
172,82,England,27000000,2016,Overall
282,80,England,14000000,2016,Overall
39,85,England,10500000,2016,Overall
17,87,England,56000000,2016,Overall
273,80,England,14500000,2016,Overall
264,80,England,11500000,2016,Overall
24,86,England,38500000,2016,Overall
249,80,England,13000000,2016,Overall
306,79,England,700000,2016,Overall
296,80,England,16000000,2016,Overall
96,83,France,22500000,2016,Overall
27,86,France,46500000,2016,Overall
95,83,France,17500000,2016,Overall
86,83,France,15000000,2016,Overall
65,84,France,25500000,2016,Overall
120,83,France,33000000,2016,Overall
15,87,France,34000000,2016,Overall
80,84,France,39000000,2016,Overall
201,81,France,15500000,2016,Overall
38,86,France,53000000,2016,Overall
128,82,France,13000000,2016,Overall
93,83,France,19000000,2016,Overall
45,85,France,29000000,2016,Overall
99,83,France,22500000,2016,Overall
122,83,France,26000000,2016,Overall
146,82,France,21000000,2016,Overall
136,82,France,15000000,2016,Overall
170,82,France,24500000,2016,Overall
190,81,France,16500000,2016,Overall
164,82,France,20500000,2016,Overall
192,81,France,15500000,2016,Overall
193,81,France,16500000,2016,Overall
181,81,France,4800000,2016,Overall
20,87,Germany,54500000,2016,Overall
21,87,Germany,45000000,2016,Overall
25,86,Germany,35000000,2016,Overall
28,86,Germany,39000000,2016,Overall
147,82,Germany,20000000,2016,Overall
109,83,Germany,18500000,2016,Overall
156,82,Germany,21500000,2016,Overall
121,83,Germany,27500000,2016,Overall
32,86,Germany,45500000,2016,Overall
161,82,Germany,23500000,2016,Overall
34,86,Germany,47500000,2016,Overall
160,82,Germany,23000000,2016,Overall
85,83,Germany,17000000,2016,Overall
154,82,Germany,26000000,2016,Overall
79,84,Germany,32500000,2016,Overall
77,84,Germany,38000000,2016,Overall
108,83,Germany,21500000,2016,Overall
206,81,Germany,16500000,2016,Overall
177,81,Germany,2100000,2016,Overall
11,87,Germany,29500000,2016,Overall
18,87,Germany,52500000,2016,Overall
197,81,Germany,16000000,2016,Overall
3,90,Germany,58000000,2016,Overall
53,84,Italy,2400000,2016,Overall
139,82,Italy,17500000,2016,Overall
51,84,Italy,9000000,2016,Overall
12,87,Italy,32500000,2016,Overall
58,84,Italy,9000000,2016,Overall
243,80,Italy,10500000,2016,Overall
84,83,Italy,15000000,2016,Overall
104,83,Italy,23000000,2016,Overall
234,80,Italy,1500000,2016,Overall
83,84,Italy,38000000,2016,Overall
214,81,Italy,16500000,2016,Overall
258,80,Italy,14500000,2016,Overall
176,81,Italy,13000000,2016,Overall
66,84,Italy,26500000,2016,Overall
226,81,Italy,23000000,2016,Overall
180,81,Italy,10000000,2016,Overall
256,80,Italy,12500000,2016,Overall
113,83,Italy,18500000,2016,Overall
238,80,Italy,5500000,2016,Overall
211,81,Italy,15000000,2016,Overall
213,81,Italy,17500000,2016,Overall
269,80,Italy,12500000,2016,Overall
225,81,Italy,20500000,2016,Overall
290,80,Netherlands,17500000,2016,Overall
274,80,Netherlands,19000000,2016,Overall
241,80,Netherlands,11000000,2016,Overall
59,84,Netherlands,24500000,2016,Overall
54,84,Netherlands,25500000,2016,Overall
231,81,Netherlands,25000000,2016,Overall
133,82,Netherlands,17500000,2016,Overall
182,81,Netherlands,12000000,2016,Overall
167,82,Netherlands,20500000,2016,Overall
166,82,Netherlands,23000000,2016,Overall
355,79,Netherlands,14000000,2016,Overall
291,80,Netherlands,15500000,2016,Overall
361,78,Netherlands,4300000,2016,Overall
410,78,Netherlands,9500000,2016,Overall
375,78,Netherlands,7000000,2016,Overall
303,80,Netherlands,20500000,2016,Overall
326,79,Netherlands,8500000,2016,Overall
2,90,Netherlands,56000000,2016,Overall
331,79,Netherlands,10500000,2016,Overall
299,80,Netherlands,16500000,2016,Overall
402,78,Netherlands,8000000,2016,Overall
341,79,Netherlands,12000000,2016,Overall
342,79,Netherlands,13500000,2016,Overall
232,81,Portugal,20500000,2016,Overall
199,81,Portugal,11000000,2016,Overall
281,80,Portugal,17000000,2016,Overall
270,80,Portugal,13000000,2016,Overall
178,81,Portugal,14000000,2016,Overall
380,78,Portugal,8000000,2016,Overall
349,79,Portugal,12500000,2016,Overall
266,80,Portugal,14000000,2016,Overall
57,84,Portugal,17000000,2016,Overall
353,79,Portugal,12000000,2016,Overall
175,81,Portugal,8000000,2016,Overall
90,83,Portugal,23000000,2016,Overall
203,81,Portugal,16500000,2016,Overall
304,80,Portugal,20000000,2016,Overall
360,78,Portugal,0,2016,Overall
359,79,Portugal,14000000,2016,Overall
358,79,Portugal,12000000,2016,Overall
129,82,Portugal,21000000,2016,Overall
227,81,Portugal,19500000,2016,Overall
1,93,Portugal,85500000,2016,Overall
123,82,Portugal,17000000,2016,Overall
313,79,Portugal,4500000,2016,Overall
288,80,Portugal,13500000,2016,Overall
43,85,Spain,31000000,2016,Overall
33,86,Spain,39000000,2016,Overall
29,86,Spain,46500000,2016,Overall
152,82,Spain,19500000,2016,Overall
9,88,Spain,50500000,2016,Overall
137,82,Spain,18000000,2016,Overall
37,86,Spain,42500000,2016,Overall
7,88,Spain,43000000,2016,Overall
14,87,Spain,34000000,2016,Overall
125,82,Spain,10500000,2016,Overall
44,85,Spain,29500000,2016,Overall
82,84,Spain,39000000,2016,Overall
116,83,Spain,30000000,2016,Overall
115,83,Spain,24000000,2016,Overall
52,84,Spain,19000000,2016,Overall
73,84,Spain,30000000,2016,Overall
131,82,Spain,14500000,2016,Overall
69,84,Spain,28500000,2016,Overall
119,83,Spain,31000000,2016,Overall
16,87,Spain,43500000,2016,Overall
56,84,Spain,13000000,2016,Overall
68,84,Spain,27500000,2016,Overall
126,82,Spain,14500000,2016,Overall
76,85,Argentina,26000000,2017,Overall
75,85,Argentina,36500000,2017,Overall
198,82,Argentina,14500000,2017,Overall
59,85,Argentina,19500000,2017,Overall
193,82,Argentina,12500000,2017,Overall
1,93,Argentina,89000000,2017,Overall
101,84,Argentina,28500000,2017,Overall
10,89,Argentina,61500000,2017,Overall
228,82,Argentina,27500000,2017,Overall
139,83,Argentina,13500000,2017,Overall
286,81,Argentina,20500000,2017,Overall
38,87,Argentina,45000000,2017,Overall
91,84,Argentina,22000000,2017,Overall
167,83,Argentina,25000000,2017,Overall
306,80,Argentina,14000000,2017,Overall
81,85,Argentina,48000000,2017,Overall
261,81,Argentina,21500000,2017,Overall
264,81,Argentina,15000000,2017,Overall
22,88,Argentina,53500000,2017,Overall
140,83,Argentina,19000000,2017,Overall
238,82,Argentina,24500000,2017,Overall
307,80,Argentina,12000000,2017,Overall
72,85,Argentina,32000000,2017,Overall
100,84,Belgium,27500000,2017,Overall
292,81,Belgium,23000000,2017,Overall
254,81,Belgium,12000000,2017,Overall
273,81,Belgium,20500000,2017,Overall
47,86,Belgium,28000000,2017,Overall
28,88,Belgium,65500000,2017,Overall
15,89,Belgium,67500000,2017,Overall
152,83,Belgium,17500000,2017,Overall
153,83,Belgium,22500000,2017,Overall
209,82,Belgium,22000000,2017,Overall
262,81,Belgium,16000000,2017,Overall
201,82,Belgium,19000000,2017,Overall
447,78,Belgium,6000000,2017,Overall
457,78,Belgium,7500000,2017,Overall
384,79,Belgium,10000000,2017,Overall
26,88,Belgium,62000000,2017,Overall
461,78,Belgium,8000000,2017,Overall
71,85,Belgium,31000000,2017,Overall
380,79,Belgium,10000000,2017,Overall
423,79,Belgium,14000000,2017,Overall
235,82,Belgium,27000000,2017,Overall
115,84,Belgium,41000000,2017,Overall
373,79,Belgium,6500000,2017,Overall
62,85,Brazil,23500000,2017,Overall
60,85,Brazil,14000000,2017,Overall
224,82,Brazil,23000000,2017,Overall
226,82,Brazil,26000000,2017,Overall
229,82,Brazil,26500000,2017,Overall
55,86,Brazil,30000000,2017,Overall
194,82,Brazil,17000000,2017,Overall
206,82,Brazil,14500000,2017,Overall
111,84,Brazil,33000000,2017,Overall
70,85,Brazil,33000000,2017,Overall
112,84,Brazil,29500000,2017,Overall
4,92,Brazil,109000000,2017,Overall
130,83,Brazil,10500000,2017,Overall
104,84,Brazil,22000000,2017,Overall
12,89,Brazil,39500000,2017,Overall
191,82,Brazil,10500000,2017,Overall
149,83,Brazil,18500000,2017,Overall
93,84,Brazil,13000000,2017,Overall
166,83,Brazil,18500000,2017,Overall
95,84,Brazil,23500000,2017,Overall
52,86,Brazil,25500000,2017,Overall
74,85,Brazil,44000000,2017,Overall
168,83,Brazil,31000000,2017,Overall
268,81,England,16500000,2017,Overall
236,82,England,19500000,2017,Overall
245,81,England,1400000,2017,Overall
247,81,England,5000000,2017,Overall
249,81,England,15000000,2017,Overall
272,81,England,19500000,2017,Overall
82,84,England,4900000,2017,Overall
148,83,England,17000000,2017,Overall
147,83,England,15000000,2017,Overall
122,84,England,41000000,2017,Overall
260,81,England,13000000,2017,Overall
257,81,England,16500000,2017,Overall
145,83,England,14500000,2017,Overall
107,84,England,35000000,2017,Overall
86,84,England,26500000,2017,Overall
109,84,England,27500000,2017,Overall
6,90,England,72000000,2017,Overall
190,82,England,9000000,2017,Overall
231,82,England,24500000,2017,Overall
218,82,England,25000000,2017,Overall
92,84,England,31500000,2017,Overall
89,84,England,24500000,2017,Overall
230,82,England,27000000,2017,Overall
121,84,France,35000000,2017,Overall
90,84,France,27500000,2017,Overall
127,84,France,32500000,2017,Overall
197,82,France,17500000,2017,Overall
30,88,France,71500000,2017,Overall
196,82,France,19000000,2017,Overall
189,82,France,3000000,2017,Overall
199,82,France,14500000,2017,Overall
202,82,France,8500000,2017,Overall
23,88,France,45000000,2017,Overall
29,88,France,68500000,2017,Overall
78,85,France,43500000,2017,Overall
33,87,France,45500000,2017,Overall
158,83,France,23000000,2017,Overall
53,86,France,29500000,2017,Overall
154,83,France,23000000,2017,Overall
64,85,France,28500000,2017,Overall
63,85,France,24000000,2017,Overall
134,83,France,13500000,2017,Overall
61,85,France,26000000,2017,Overall
50,86,France,24000000,2017,Overall
146,83,France,15000000,2017,Overall
56,86,France,36000000,2017,Overall
27,88,Germany,52000000,2017,Overall
25,88,Germany,61000000,2017,Overall
58,86,Germany,42500000,2017,Overall
20,88,Germany,29500000,2017,Overall
42,87,Germany,52500000,2017,Overall
13,89,Germany,68500000,2017,Overall
7,90,Germany,56000000,2017,Overall
2,92,Germany,69500000,2017,Overall
36,87,Germany,37000000,2017,Overall
103,84,Germany,23000000,2017,Overall
73,85,Germany,39000000,2017,Overall
102,84,Germany,26500000,2017,Overall
183,83,Germany,26500000,2017,Overall
169,83,Germany,24500000,2017,Overall
195,82,Germany,19000000,2017,Overall
173,83,Germany,27000000,2017,Overall
135,83,Germany,19000000,2017,Overall
132,83,Germany,15000000,2017,Overall
123,84,Germany,37000000,2017,Overall
159,83,Germany,21500000,2017,Overall
114,84,Germany,37000000,2017,Overall
174,83,Germany,27000000,2017,Overall
155,83,Germany,21500000,2017,Overall
188,82,Italy,9000000,2017,Overall
79,85,Italy,44000000,2017,Overall
165,83,Italy,22500000,2017,Overall
234,82,Italy,20500000,2017,Overall
232,82,Italy,20500000,2017,Overall
217,82,Italy,20500000,2017,Overall
54,86,Italy,35000000,2017,Overall
179,83,Italy,27000000,2017,Overall
205,82,Italy,17000000,2017,Overall
187,82,Italy,1400000,2017,Overall
39,87,Italy,34000000,2017,Overall
204,82,Italy,16500000,2017,Overall
46,86,Italy,6500000,2017,Overall
180,83,Italy,28500000,2017,Overall
237,82,Italy,26500000,2017,Overall
192,82,Italy,14500000,2017,Overall
21,88,Italy,34000000,2017,Overall
251,81,Italy,12500000,2017,Overall
263,81,Italy,12500000,2017,Overall
131,83,Italy,13500000,2017,Overall
17,88,Italy,9000000,2017,Overall
239,82,Italy,21500000,2017,Overall
144,83,Italy,20000000,2017,Overall
347,80,Netherlands,20000000,2017,Overall
223,82,Netherlands,23500000,2017,Overall
252,81,Netherlands,13500000,2017,Overall
351,80,Netherlands,15500000,2017,Overall
269,81,Netherlands,21000000,2017,Overall
340,80,Netherlands,16000000,2017,Overall
338,80,Netherlands,15500000,2017,Overall
389,79,Netherlands,10000000,2017,Overall
430,79,Netherlands,12000000,2017,Overall
407,79,Netherlands,12500000,2017,Overall
282,81,Netherlands,19500000,2017,Overall
422,79,Netherlands,12000000,2017,Overall
349,80,Netherlands,19000000,2017,Overall
284,81,Netherlands,16500000,2017,Overall
291,81,Netherlands,16000000,2017,Overall
31,87,Netherlands,34000000,2017,Overall
294,81,Netherlands,21500000,2017,Overall
137,83,Netherlands,18500000,2017,Overall
372,79,Netherlands,9500000,2017,Overall
379,79,Netherlands,9000000,2017,Overall
303,80,Netherlands,10500000,2017,Overall
242,81,Netherlands,13500000,2017,Overall
376,79,Netherlands,8500000,2017,Overall
0,94,Portugal,87000000,2017,Overall
358,79,Portugal,5500000,2017,Overall
281,81,Portugal,15500000,2017,Overall
297,81,Portugal,23500000,2017,Overall
319,80,Portugal,11000000,2017,Overall
266,81,Portugal,15000000,2017,Overall
356,80,Portugal,19500000,2017,Overall
241,81,Portugal,5500000,2017,Overall
225,82,Portugal,23000000,2017,Overall
216,82,Portugal,22000000,2017,Overall
184,83,Portugal,31000000,2017,Overall
181,83,Portugal,25000000,2017,Overall
150,83,Portugal,13500000,2017,Overall
288,81,Portugal,19000000,2017,Overall
136,83,Portugal,22500000,2017,Overall
129,83,Portugal,18500000,2017,Overall
143,83,Portugal,22500000,2017,Overall
290,81,Portugal,19000000,2017,Overall
19,88,Portugal,23500000,2017,Overall
128,83,Portugal,17500000,2017,Overall
126,84,Portugal,39000000,2017,Overall
124,84,Portugal,32500000,2017,Overall
98,84,Portugal,28000000,2017,Overall
51,86,Spain,36000000,2017,Overall
142,83,Spain,20000000,2017,Overall
96,84,Spain,26500000,2017,Overall
163,83,Spain,17500000,2017,Overall
171,83,Spain,22500000,2017,Overall
41,87,Spain,41500000,2017,Overall
105,84,Spain,24000000,2017,Overall
87,84,Spain,11500000,2017,Overall
85,84,Spain,9000000,2017,Overall
84,84,Spain,21000000,2017,Overall
141,83,Spain,14500000,2017,Overall
68,85,Spain,38500000,2017,Overall
49,86,Spain,29500000,2017,Overall
34,87,Spain,41500000,2017,Overall
117,84,Spain,37000000,2017,Overall
99,84,Spain,28500000,2017,Overall
119,84,Spain,38000000,2017,Overall
16,88,Spain,39500000,2017,Overall
9,90,Spain,68500000,2017,Overall
11,89,Spain,43500000,2017,Overall
48,86,Spain,33500000,2017,Overall
57,86,Spain,35500000,2017,Overall
108,84,Spain,35000000,2017,Overall
160,83,Argentina,20000000,2018,Overall
158,83,Argentina,25500000,2018,Overall
151,83,Argentina,27000000,2018,Overall
147,83,Argentina,25500000,2018,Overall
76,85,Argentina,37500000,2018,Overall
143,83,Argentina,25500000,2018,Overall
136,83,Argentina,19000000,2018,Overall
314,80,Argentina,10000000,2018,Overall
260,81,Argentina,7000000,2018,Overall
130,83,Argentina,10500000,2018,Overall
31,88,Argentina,79000000,2018,Overall
270,81,Argentina,18000000,2018,Overall
13,89,Argentina,66500000,2018,Overall
307,80,Argentina,9000000,2018,Overall
91,84,Argentina,31000000,2018,Overall
274,81,Argentina,24500000,2018,Overall
116,84,Argentina,42000000,2018,Overall
1,93,Argentina,105000000,2018,Overall
131,83,Argentina,17500000,2018,Overall
7,90,Argentina,77000000,2018,Overall
181,83,Argentina,25500000,2018,Overall
211,82,Argentina,16500000,2018,Overall
239,82,Argentina,21000000,2018,Overall
265,81,Belgium,12000000,2018,Overall
263,81,Belgium,17500000,2018,Overall
17,89,Belgium,59000000,2018,Overall
350,80,Belgium,23500000,2018,Overall
73,85,Belgium,28500000,2018,Overall
18,89,Belgium,83000000,2018,Overall
413,79,Belgium,15000000,2018,Overall
376,79,Belgium,10000000,2018,Overall
133,83,Belgium,25000000,2018,Overall
57,86,Belgium,40500000,2018,Overall
54,86,Belgium,42500000,2018,Overall
431,78,Belgium,7000000,2018,Overall
52,86,Belgium,43000000,2018,Overall
435,78,Belgium,4200000,2018,Overall
207,82,Belgium,0,2018,Overall
340,80,Belgium,19500000,2018,Overall
63,86,Belgium,59000000,2018,Overall
342,80,Belgium,20000000,2018,Overall
69,85,Belgium,26000000,2018,Overall
292,81,Belgium,18500000,2018,Overall
9,90,Belgium,90500000,2018,Overall
89,85,Belgium,51500000,2018,Overall
271,81,Belgium,22000000,2018,Overall
226,82,Brazil,21500000,2018,Overall
230,82,Brazil,24000000,2018,Overall
227,82,Brazil,21500000,2018,Overall
204,82,Brazil,6500000,2018,Overall
50,86,Brazil,25500000,2018,Overall
62,86,Brazil,44000000,2018,Overall
190,82,Brazil,17500000,2018,Overall
102,84,Brazil,31500000,2018,Overall
4,92,Brazil,123000000,2018,Overall
70,85,Brazil,25000000,2018,Overall
21,88,Brazil,34000000,2018,Overall
188,82,Brazil,12500000,2018,Overall
92,84,Brazil,9000000,2018,Overall
167,83,Brazil,34000000,2018,Overall
38,87,Brazil,38000000,2018,Overall
153,83,Brazil,0,2018,Overall
172,83,Brazil,30500000,2018,Overall
176,83,Brazil,29500000,2018,Overall
177,83,Brazil,26000000,2018,Overall
139,83,Brazil,16500000,2018,Overall
59,86,Brazil,56000000,2018,Overall
56,86,Brazil,33000000,2018,Overall
87,85,Brazil,42000000,2018,Overall
192,82,England,14000000,2018,Overall
218,82,England,21500000,2018,Overall
223,82,England,25500000,2018,Overall
241,82,England,29500000,2018,Overall
229,82,England,22000000,2018,Overall
93,84,England,21000000,2018,Overall
276,81,England,17000000,2018,Overall
14,89,England,69500000,2018,Overall
145,83,England,25000000,2018,Overall
290,81,England,24000000,2018,Overall
257,81,England,15500000,2018,Overall
293,81,England,18000000,2018,Overall
261,81,England,11000000,2018,Overall
203,82,England,23500000,2018,Overall
294,81,England,21000000,2018,Overall
275,81,England,22000000,2018,Overall
202,82,England,21000000,2018,Overall
120,84,England,42500000,2018,Overall
154,83,England,24000000,2018,Overall
198,82,England,12500000,2018,Overall
196,82,England,12500000,2018,Overall
67,86,England,59000000,2018,Overall
240,82,England,25000000,2018,Overall
197,82,France,12500000,2018,Overall
193,82,France,15000000,2018,Overall
88,85,France,46500000,2018,Overall
22,88,France,38000000,2018,Overall
184,83,France,40000000,2018,Overall
29,88,France,75000000,2018,Overall
42,87,France,66500000,2018,Overall
180,83,France,38000000,2018,Overall
85,85,France,48500000,2018,Overall
94,84,France,21000000,2018,Overall
96,84,France,29500000,2018,Overall
121,84,France,35500000,2018,Overall
132,83,France,17500000,2018,Overall
138,83,France,25000000,2018,Overall
140,83,France,25500000,2018,Overall
71,85,France,24500000,2018,Overall
152,83,France,21000000,2018,Overall
72,85,France,28500000,2018,Overall
47,86,France,22500000,2018,Overall
44,87,France,52500000,2018,Overall
170,83,France,29500000,2018,Overall
49,86,France,44500000,2018,Overall
185,83,France,41500000,2018,Overall
178,83,Germany,30500000,2018,Overall
217,82,Germany,22000000,2018,Overall
208,82,Germany,20000000,2018,Overall
199,82,Germany,20500000,2018,Overall
58,86,Germany,45000000,2018,Overall
61,86,Germany,47500000,2018,Overall
113,84,Germany,31000000,2018,Overall
78,85,Germany,46000000,2018,Overall
110,84,Germany,31500000,2018,Overall
81,85,Germany,35500000,2018,Overall
82,85,Germany,34000000,2018,Overall
100,84,Germany,25000000,2018,Overall
101,84,Germany,29000000,2018,Overall
144,83,Germany,20000000,2018,Overall
191,82,Germany,20000000,2018,Overall
117,84,Germany,39500000,2018,Overall
225,82,Germany,23000000,2018,Overall
228,82,Germany,18500000,2018,Overall
26,88,Germany,48000000,2018,Overall
24,88,Germany,48000000,2018,Overall
23,88,Germany,60000000,2018,Overall
8,90,Germany,79000000,2018,Overall
2,92,Germany,61000000,2018,Overall
250,82,Italy,30500000,2018,Overall
195,82,Italy,14000000,2018,Overall
174,83,Italy,37000000,2018,Overall
224,82,Italy,24500000,2018,Overall
231,82,Italy,26000000,2018,Overall
237,82,Italy,17000000,2018,Overall
163,83,Italy,25000000,2018,Overall
200,82,Italy,13500000,2018,Overall
148,83,Italy,25000000,2018,Overall
156,83,Italy,26500000,2018,Overall
246,82,Italy,22500000,2018,Overall
256,81,Italy,5500000,2018,Overall
127,83,Italy,10500000,2018,Overall
264,81,Italy,13000000,2018,Overall
86,85,Italy,45000000,2018,Overall
74,85,Italy,33000000,2018,Overall
68,85,Italy,5000000,2018,Overall
43,87,Italy,64500000,2018,Overall
27,88,Italy,44000000,2018,Overall
12,89,Italy,38000000,2018,Overall
11,89,Italy,4500000,2018,Overall
254,82,Italy,28500000,2018,Overall
243,82,Italy,22000000,2018,Overall
480,78,Netherlands,14000000,2018,Overall
108,84,Netherlands,35000000,2018,Overall
332,80,Netherlands,13500000,2018,Overall
248,82,Netherlands,28000000,2018,Overall
436,78,Netherlands,6500000,2018,Overall
19,88,Netherlands,36000000,2018,Overall
437,78,Netherlands,10000000,2018,Overall
405,79,Netherlands,17000000,2018,Overall
474,78,Netherlands,13500000,2018,Overall
396,79,Netherlands,13500000,2018,Overall
291,81,Netherlands,15000000,2018,Overall
168,83,Netherlands,27500000,2018,Overall
129,83,Netherlands,15500000,2018,Overall
434,78,Netherlands,9000000,2018,Overall
391,79,Netherlands,11000000,2018,Overall
164,83,Netherlands,29000000,2018,Overall
242,82,Netherlands,27500000,2018,Overall
324,80,Netherlands,14500000,2018,Overall
212,82,Netherlands,27000000,2018,Overall
354,79,Netherlands,6500000,2018,Overall
420,78,Netherlands,6500000,2018,Overall
397,79,Netherlands,13500000,2018,Overall
155,83,Netherlands,27000000,2018,Overall
347,80,Portugal,17000000,2018,Overall
330,80,Portugal,13500000,2018,Overall
369,79,Portugal,5000000,2018,Overall
379,79,Portugal,9000000,2018,Overall
0,94,Portugal,95500000,2018,Overall
309,80,Portugal,13000000,2018,Overall
235,82,Portugal,23000000,2018,Overall
171,83,Portugal,27500000,2018,Overall
297,81,Portugal,24000000,2018,Overall
166,83,Portugal,27500000,2018,Overall
302,81,Portugal,25000000,2018,Overall
165,83,Portugal,22500000,2018,Overall
303,81,Portugal,20500000,2018,Overall
194,82,Portugal,20500000,2018,Overall
296,81,Portugal,24000000,2018,Overall
46,86,Portugal,13500000,2018,Overall
122,84,Portugal,43500000,2018,Overall
179,83,Portugal,34000000,2018,Overall
142,83,Portugal,17500000,2018,Overall
128,83,Portugal,24500000,2018,Overall
126,83,Portugal,15500000,2018,Overall
149,83,Portugal,0,2018,Overall
249,82,Portugal,30000000,2018,Overall
33,87,Spain,37500000,2018,Overall
55,86,Spain,46000000,2018,Overall
28,88,Spain,70500000,2018,Overall
10,90,Spain,64500000,2018,Overall
35,87,Spain,44000000,2018,Overall
6,90,Spain,52000000,2018,Overall
48,86,Spain,41000000,2018,Overall
53,86,Spain,36000000,2018,Overall
32,87,Spain,29500000,2018,Overall
60,86,Spain,36000000,2018,Overall
65,86,Spain,56500000,2018,Overall
105,84,Spain,18500000,2018,Overall
77,85,Spain,37500000,2018,Overall
79,85,Spain,30500000,2018,Overall
118,84,Spain,32000000,2018,Overall
90,84,Spain,11000000,2018,Overall
98,84,Spain,30500000,2018,Overall
99,84,Spain,25000000,2018,Overall
123,84,Spain,46000000,2018,Overall
107,84,Spain,30500000,2018,Overall
109,84,Spain,32000000,2018,Overall
112,84,Spain,39500000,2018,Overall
115,84,Spain,41000000,2018,Overall
310,80,Argentina,9000000,2019,Overall
201,82,Argentina,15000000,2019,Overall
218,82,Argentina,21500000,2019,Overall
113,84,Argentina,30000000,2019,Overall
191,82,Argentina,12500000,2019,Overall
260,81,Argentina,17500000,2019,Overall
71,86,Argentina,33000000,2019,Overall
16,89,Argentina,64500000,2019,Overall
208,82,Argentina,21000000,2019,Overall
24,89,Argentina,89000000,2019,Overall
262,81,Argentina,23000000,2019,Overall
265,81,Argentina,18500000,2019,Overall
305,80,Argentina,17500000,2019,Overall
1,94,Argentina,110500000,2019,Overall
298,80,Argentina,4500000,2019,Overall
158,83,Argentina,24500000,2019,Overall
195,82,Argentina,15000000,2019,Overall
308,80,Argentina,9000000,2019,Overall
29,88,Argentina,57000000,2019,Overall
292,81,Argentina,16500000,2019,Overall
53,87,Argentina,64500000,2019,Overall
307,80,Argentina,11500000,2019,Overall
127,84,Argentina,29500000,2019,Overall
13,90,Belgium,62000000,2019,Overall
7,91,Belgium,102000000,2019,Overall
306,80,Belgium,13500000,2019,Overall
361,79,Belgium,8000000,2019,Overall
198,82,Belgium,21500000,2019,Overall
45,87,Belgium,34000000,2019,Overall
46,87,Belgium,45000000,2019,Overall
6,91,Belgium,93000000,2019,Overall
364,79,Belgium,11500000,2019,Overall
226,82,Belgium,22500000,2019,Overall
175,83,Belgium,34500000,2019,Overall
219,82,Belgium,19500000,2019,Overall
81,85,Belgium,22000000,2019,Overall
452,78,Belgium,10000000,2019,Overall
283,81,Belgium,23500000,2019,Overall
281,81,Belgium,21500000,2019,Overall
403,79,Belgium,20000000,2019,Overall
426,78,Belgium,10000000,2019,Overall
115,84,Belgium,29000000,2019,Overall
50,87,Belgium,62500000,2019,Overall
92,85,Belgium,34000000,2019,Overall
87,85,Belgium,35500000,2019,Overall
440,78,Belgium,12000000,2019,Overall
160,83,Brazil,17500000,2019,Overall
94,85,Brazil,37000000,2019,Overall
156,83,Brazil,17500000,2019,Overall
137,84,Brazil,25000000,2019,Overall
125,84,Brazil,30500000,2019,Overall
121,84,Brazil,16500000,2019,Overall
106,85,Brazil,36500000,2019,Overall
104,85,Brazil,42500000,2019,Overall
85,85,Brazil,15500000,2019,Overall
83,85,Brazil,21500000,2019,Overall
76,86,Brazil,41500000,2019,Overall
74,86,Brazil,54500000,2019,Overall
146,84,Brazil,35500000,2019,Overall
69,86,Brazil,36500000,2019,Overall
68,86,Brazil,46500000,2019,Overall
149,84,Brazil,32000000,2019,Overall
57,86,Brazil,10500000,2019,Overall
2,92,Brazil,118500000,2019,Overall
28,88,Brazil,24000000,2019,Overall
32,88,Brazil,43000000,2019,Overall
39,88,Brazil,61500000,2019,Overall
33,88,Brazil,69500000,2019,Overall
56,86,Brazil,18000000,2019,Overall
264,81,England,16000000,2019,Overall
215,82,England,25000000,2019,Overall
100,85,England,49000000,2019,Overall
228,82,England,22500000,2019,Overall
230,82,England,25000000,2019,Overall
233,82,England,26500000,2019,Overall
258,81,England,16500000,2019,Overall
301,80,England,8000000,2019,Overall
295,80,England,12000000,2019,Overall
253,81,England,10000000,2019,Overall
207,82,England,18000000,2019,Overall
280,81,England,17000000,2019,Overall
131,84,England,24500000,2019,Overall
294,81,England,26500000,2019,Overall
23,89,England,86000000,2019,Overall
173,83,England,23500000,2019,Overall
293,81,England,20000000,2019,Overall
286,81,England,18500000,2019,Overall
214,82,England,20500000,2019,Overall
249,81,England,13500000,2019,Overall
31,88,England,60000000,2019,Overall
238,82,England,20000000,2019,Overall
147,84,England,42500000,2019,Overall
122,84,France,27500000,2019,Overall
82,85,France,17000000,2019,Overall
136,84,France,36500000,2019,Overall
107,85,France,50000000,2019,Overall
143,84,France,39000000,2019,Overall
36,88,France,73000000,2019,Overall
54,87,France,57000000,2019,Overall
73,86,France,51500000,2019,Overall
118,84,France,30000000,2019,Overall
25,89,France,63000000,2019,Overall
55,87,France,72000000,2019,Overall
185,83,France,35500000,2019,Overall
186,83,France,34000000,2019,Overall
182,83,France,29500000,2019,Overall
179,83,France,35500000,2019,Overall
188,83,France,30500000,2019,Overall
119,84,France,19000000,2019,Overall
178,83,France,33000000,2019,Overall
86,85,France,26000000,2019,Overall
21,89,France,78000000,2019,Overall
30,88,France,36000000,2019,Overall
184,83,France,34000000,2019,Overall
154,83,France,13000000,2019,Overall
11,90,Germany,76500000,2019,Overall
20,89,Germany,58000000,2019,Overall
67,86,Germany,46000000,2019,Overall
18,89,Germany,51500000,2019,Overall
180,83,Germany,34500000,2019,Overall
77,86,Germany,62500000,2019,Overall
177,83,Germany,34000000,2019,Overall
58,86,Germany,43500000,2019,Overall
9,90,Germany,44000000,2019,Overall
183,83,Germany,29500000,2019,Overall
62,86,Germany,34500000,2019,Overall
206,82,Germany,21500000,2019,Overall
105,85,Germany,40500000,2019,Overall
167,83,Germany,21000000,2019,Overall
159,83,Germany,20000000,2019,Overall
171,83,Germany,32500000,2019,Overall
169,83,Germany,24000000,2019,Overall
148,84,Germany,36500000,2019,Overall
134,84,Germany,27000000,2019,Overall
130,84,Germany,35000000,2019,Overall
95,85,Germany,37500000,2019,Overall
89,85,Germany,33000000,2019,Overall
199,82,Germany,17000000,2019,Overall
49,87,Italy,52000000,2019,Overall
205,82,Italy,9000000,2019,Overall
138,84,Italy,29500000,2019,Overall
227,82,Italy,26000000,2019,Overall
229,82,Italy,20500000,2019,Overall
155,83,Italy,15000000,2019,Overall
232,82,Italy,21500000,2019,Overall
161,83,Italy,27500000,2019,Overall
225,82,Italy,16500000,2019,Overall
153,83,Italy,8000000,2019,Overall
236,82,Italy,30000000,2019,Overall
210,82,Italy,20000000,2019,Overall
112,84,Italy,2100000,2019,Overall
63,86,Italy,30000000,2019,Overall
240,82,Italy,26500000,2019,Overall
37,88,Italy,62000000,2019,Overall
144,84,Italy,38000000,2019,Overall
194,82,Italy,13500000,2019,Overall
72,86,Italy,55000000,2019,Overall
15,89,Italy,27000000,2019,Overall
217,82,Italy,22000000,2019,Overall
26,88,Italy,4000000,2019,Overall
192,82,Italy,13500000,2019,Overall
388,79,Netherlands,15000000,2019,Overall
387,79,Netherlands,15000000,2019,Overall
377,79,Netherlands,10000000,2019,Overall
366,79,Netherlands,11500000,2019,Overall
351,80,Netherlands,20500000,2019,Overall
355,79,Netherlands,11000000,2019,Overall
101,85,Netherlands,38500000,2019,Overall
202,82,Netherlands,25000000,2019,Overall
139,84,Netherlands,31500000,2019,Overall
318,80,Netherlands,12500000,2019,Overall
162,83,Netherlands,26000000,2019,Overall
392,79,Netherlands,12000000,2019,Overall
164,83,Netherlands,25500000,2019,Overall
78,85,Netherlands,19500000,2019,Overall
425,78,Netherlands,9000000,2019,Overall
417,78,Netherlands,4200000,2019,Overall
394,79,Netherlands,15500000,2019,Overall
172,83,Netherlands,35000000,2019,Overall
396,79,Netherlands,14000000,2019,Overall
398,79,Netherlands,14500000,2019,Overall
414,78,Netherlands,5500000,2019,Overall
275,81,Netherlands,14500000,2019,Overall
176,83,Netherlands,30500000,2019,Overall
0,94,Portugal,77000000,2019,Overall
288,81,Portugal,20000000,2019,Overall
359,79,Portugal,9000000,2019,Overall
145,84,Portugal,31500000,2019,Overall
141,84,Portugal,25000000,2019,Overall
157,83,Portugal,16500000,2019,Overall
80,85,Portugal,9000000,2019,Overall
244,82,Portugal,29000000,2019,Overall
168,83,Portugal,25500000,2019,Overall
170,83,Portugal,27000000,2019,Overall
181,83,Portugal,34000000,2019,Overall
338,80,Portugal,19500000,2019,Overall
151,84,Portugal,42500000,2019,Overall
111,84,Portugal,15500000,2019,Overall
246,82,Portugal,29500000,2019,Overall
348,80,Portugal,17000000,2019,Overall
289,81,Portugal,20500000,2019,Overall
291,81,Portugal,22500000,2019,Overall
340,80,Portugal,20000000,2019,Overall
252,81,Portugal,15000000,2019,Overall
297,80,Portugal,13000000,2019,Overall
251,81,Portugal,14000000,2019,Overall
311,80,Portugal,9500000,2019,Overall
3,91,Spain,51000000,2019,Overall
64,86,Spain,40500000,2019,Overall
48,87,Spain,38000000,2019,Overall
140,84,Spain,36500000,2019,Overall
42,87,Spain,34000000,2019,Overall
34,88,Spain,46000000,2019,Overall
22,89,Spain,83000000,2019,Overall
17,89,Spain,51500000,2019,Overall
123,84,Spain,24000000,2019,Overall
124,84,Spain,24000000,2019,Overall
128,84,Spain,27500000,2019,Overall
8,91,Spain,72000000,2019,Overall
41,87,Spain,24500000,2019,Overall
65,86,Spain,45500000,2019,Overall
116,84,Spain,26500000,2019,Overall
114,84,Spain,18000000,2019,Overall
103,85,Spain,52000000,2019,Overall
98,85,Spain,45000000,2019,Overall
96,85,Spain,36500000,2019,Overall
66,86,Spain,42500000,2019,Overall
88,85,Spain,38500000,2019,Overall
132,84,Spain,31000000,2019,Overall
108,85,Spain,56500000,2019,Overall
303,81,Argentina,18500000,2020,Overall
298,81,Argentina,16000000,2020,Overall
91,85,Argentina,46000000,2020,Overall
74,85,Argentina,34500000,2020,Overall
73,85,Argentina,34000000,2020,Overall
291,81,Argentina,16500000,2020,Overall
279,81,Argentina,15500000,2020,Overall
318,80,Argentina,15500000,2020,Overall
312,80,Argentina,4700000,2020,Overall
255,82,Argentina,29000000,2020,Overall
180,83,Argentina,19000000,2020,Overall
252,82,Argentina,23500000,2020,Overall
218,82,Argentina,11000000,2020,Overall
211,83,Argentina,35000000,2020,Overall
320,80,Argentina,9000000,2020,Overall
167,83,Argentina,16500000,2020,Overall
170,83,Argentina,19500000,2020,Overall
272,81,Argentina,6500000,2020,Overall
0,94,Argentina,95500000,2020,Overall
305,81,Argentina,26500000,2020,Overall
11,89,Argentina,60000000,2020,Overall
38,88,Argentina,76500000,2020,Overall
56,86,Argentina,39000000,2020,Overall
407,79,Belgium,17000000,2020,Overall
181,83,Belgium,22000000,2020,Overall
402,79,Belgium,16500000,2020,Overall
169,83,Belgium,22500000,2020,Overall
42,87,Belgium,32500000,2020,Overall
160,83,Belgium,12000000,2020,Overall
33,88,Belgium,48000000,2020,Overall
43,87,Belgium,40000000,2020,Overall
399,79,Belgium,16000000,2020,Overall
200,83,Belgium,32500000,2020,Overall
45,87,Belgium,41000000,2020,Overall
241,82,Belgium,26000000,2020,Overall
239,82,Belgium,20000000,2020,Overall
355,80,Belgium,20500000,2020,Overall
3,91,Belgium,90000000,2020,Overall
439,78,Belgium,4900000,2020,Overall
4,91,Belgium,90000000,2020,Overall
78,85,Belgium,31500000,2020,Overall
444,78,Belgium,9000000,2020,Overall
336,80,Belgium,18000000,2020,Overall
415,79,Belgium,15500000,2020,Overall
82,85,Belgium,46000000,2020,Overall
273,81,Belgium,15000000,2020,Overall
172,83,Brazil,16500000,2020,Overall
20,89,Brazil,58000000,2020,Overall
2,92,Brazil,105500000,2020,Overall
37,88,Brazil,54500000,2020,Overall
66,86,Brazil,52000000,2020,Overall
81,85,Brazil,33000000,2020,Overall
165,83,Brazil,9500000,2020,Overall
126,84,Brazil,29000000,2020,Overall
96,85,Brazil,45000000,2020,Overall
129,84,Brazil,31500000,2020,Overall
90,85,Brazil,38000000,2020,Overall
86,85,Brazil,31000000,2020,Overall
136,84,Brazil,36500000,2020,Overall
113,84,Brazil,20500000,2020,Overall
142,84,Brazil,25000000,2020,Overall
77,85,Brazil,28000000,2020,Overall
59,86,Brazil,46500000,2020,Overall
147,84,Brazil,33000000,2020,Overall
68,86,Brazil,51500000,2020,Overall
51,87,Brazil,53500000,2020,Overall
39,87,Brazil,19500000,2020,Overall
151,84,Brazil,41000000,2020,Overall
40,87,Brazil,18500000,2020,Overall
293,81,England,21500000,2020,Overall
127,84,England,25500000,2020,Overall
153,84,England,44500000,2020,Overall
289,81,England,20000000,2020,Overall
249,82,England,17500000,2020,Overall
271,81,England,10500000,2020,Overall
174,83,England,22000000,2020,Overall
315,80,England,8000000,2020,Overall
35,88,England,73000000,2020,Overall
194,83,England,24000000,2020,Overall
310,80,England,9500000,2020,Overall
145,84,England,41500000,2020,Overall
76,85,England,37500000,2020,Overall
317,80,England,12500000,2020,Overall
99,85,England,43500000,2020,Overall
314,80,England,2500000,2020,Overall
193,83,England,30000000,2020,Overall
213,83,England,32000000,2020,Overall
240,82,England,23000000,2020,Overall
176,83,England,25500000,2020,Overall
19,89,England,83000000,2020,Overall
214,83,England,35000000,2020,Overall
244,82,England,24000000,2020,Overall
150,84,France,37500000,2020,Overall
149,84,France,39000000,2020,Overall
152,84,France,42500000,2020,Overall
109,84,France,19000000,2020,Overall
63,86,France,46000000,2020,Overall
148,84,France,40500000,2020,Overall
22,89,France,93500000,2020,Overall
67,86,France,50000000,2020,Overall
26,88,France,36000000,2020,Overall
52,87,France,56500000,2020,Overall
21,89,France,66000000,2020,Overall
75,85,France,25000000,2020,Overall
17,89,France,69000000,2020,Overall
190,83,France,28500000,2020,Overall
187,83,France,27000000,2020,Overall
101,85,France,45000000,2020,Overall
92,85,France,45000000,2020,Overall
203,83,France,34500000,2020,Overall
201,83,France,33000000,2020,Overall
198,83,France,32000000,2020,Overall
195,83,France,30500000,2020,Overall
41,87,France,45000000,2020,Overall
34,88,France,72500000,2020,Overall
7,90,Germany,67500000,2020,Overall
25,88,Germany,32000000,2020,Overall
192,83,Germany,32500000,2020,Overall
206,83,Germany,31000000,2020,Overall
177,83,Germany,21500000,2020,Overall
30,88,Germany,57000000,2020,Overall
154,84,Germany,46000000,2020,Overall
114,84,Germany,29500000,2020,Overall
31,88,Germany,56000000,2020,Overall
70,86,Germany,61000000,2020,Overall
204,83,Germany,34500000,2020,Overall
97,85,Germany,46500000,2020,Overall
61,86,Germany,43500000,2020,Overall
146,84,Germany,40500000,2020,Overall
173,83,Germany,23500000,2020,Overall
125,84,Germany,31000000,2020,Overall
171,83,Germany,19500000,2020,Overall
143,84,Germany,40000000,2020,Overall
140,84,Germany,39500000,2020,Overall
69,86,Germany,48000000,2020,Overall
130,84,Germany,26000000,2020,Overall
44,87,Germany,41000000,2020,Overall
122,84,Germany,25000000,2020,Overall
197,83,Italy,29000000,2020,Overall
202,83,Italy,32000000,2020,Overall
237,82,Italy,21000000,2020,Overall
247,82,Italy,30000000,2020,Overall
62,86,Italy,44500000,2020,Overall
110,84,Italy,19000000,2020,Overall
257,82,Italy,26500000,2020,Overall
157,83,Italy,2600000,2020,Overall
253,82,Italy,26000000,2020,Overall
65,86,Italy,54500000,2020,Overall
216,82,Italy,7000000,2020,Overall
205,83,Italy,31500000,2020,Overall
162,83,Italy,9500000,2020,Overall
231,82,Italy,24000000,2020,Overall
57,86,Italy,28500000,2020,Overall
10,89,Italy,24500000,2020,Overall
104,85,Italy,41500000,2020,Overall
220,82,Italy,12000000,2020,Overall
49,87,Italy,52000000,2020,Overall
188,83,Italy,19000000,2020,Overall
274,81,Italy,11000000,2020,Overall
229,82,Italy,21500000,2020,Overall
226,82,Italy,23000000,2020,Overall
475,78,Netherlands,9500000,2020,Overall
302,81,Netherlands,21000000,2020,Overall
328,80,Netherlands,13000000,2020,Overall
230,82,Netherlands,23000000,2020,Overall
103,85,Netherlands,52000000,2020,Overall
300,81,Netherlands,24500000,2020,Overall
375,79,Netherlands,11000000,2020,Overall
106,85,Netherlands,50000000,2020,Overall
132,84,Netherlands,31500000,2020,Overall
248,82,Netherlands,23000000,2020,Overall
342,80,Netherlands,17000000,2020,Overall
8,90,Netherlands,78000000,2020,Overall
349,80,Netherlands,17500000,2020,Overall
137,84,Netherlands,40500000,2020,Overall
263,82,Netherlands,29500000,2020,Overall
438,78,Netherlands,8000000,2020,Overall
337,80,Netherlands,15500000,2020,Overall
228,82,Netherlands,21500000,2020,Overall
118,84,Netherlands,31000000,2020,Overall
405,79,Netherlands,12500000,2020,Overall
326,80,Netherlands,14000000,2020,Overall
189,83,Netherlands,20000000,2020,Overall
178,83,Netherlands,22000000,2020,Overall
311,80,Portugal,11500000,2020,Overall
53,87,Portugal,64000000,2020,Overall
144,84,Portugal,36500000,2020,Overall
266,82,Portugal,26000000,2020,Overall
265,82,Portugal,29000000,2020,Overall
284,81,Portugal,15000000,2020,Overall
297,81,Portugal,21500000,2020,Overall
262,82,Portugal,29000000,2020,Overall
258,82,Portugal,26000000,2020,Overall
251,82,Portugal,23500000,2020,Overall
89,85,Portugal,33500000,2020,Overall
98,85,Portugal,49000000,2020,Overall
295,81,Portugal,21500000,2020,Overall
107,84,Portugal,6500000,2020,Overall
108,84,Portugal,23500000,2020,Overall
270,81,Portugal,8000000,2020,Overall
275,81,Portugal,5500000,2020,Overall
131,84,Portugal,30500000,2020,Overall
1,93,Portugal,58500000,2020,Overall
168,83,Portugal,16500000,2020,Overall
209,83,Portugal,34500000,2020,Overall
199,83,Portugal,27500000,2020,Overall
191,83,Portugal,24000000,2020,Overall
60,86,Spain,41000000,2020,Overall
64,86,Spain,51000000,2020,Overall
124,84,Spain,24000000,2020,Overall
46,87,Spain,40000000,2020,Overall
161,83,Spain,12000000,2020,Overall
158,83,Spain,2600000,2020,Overall
156,83,Spain,11000000,2020,Overall
12,89,Spain,31500000,2020,Overall
15,89,Spain,55000000,2020,Overall
16,89,Spain,56000000,2020,Overall
23,88,Spain,38000000,2020,Overall
141,84,Spain,31000000,2020,Overall
133,84,Spain,37500000,2020,Overall
27,88,Spain,36000000,2020,Overall
47,87,Spain,50000000,2020,Overall
128,84,Spain,31500000,2020,Overall
115,84,Spain,25500000,2020,Overall
105,85,Spain,47000000,2020,Overall
94,85,Spain,49500000,2020,Overall
93,85,Spain,38000000,2020,Overall
85,85,Spain,40500000,2020,Overall
83,85,Spain,34500000,2020,Overall
123,84,Spain,25500000,2020,Overall
125,84,Argentina,40500000,2021,Overall
137,84,Argentina,86500000,2021,Overall
142,83,Argentina,29500000,2021,Overall
150,83,Argentina,28500000,2021,Overall
246,81,Argentina,25500000,2021,Overall
296,80,Argentina,7000000,2021,Overall
294,80,Argentina,21000000,2021,Overall
80,85,Argentina,63000000,2021,Overall
193,83,Argentina,33000000,2021,Overall
269,81,Argentina,24500000,2021,Overall
268,81,Argentina,34500000,2021,Overall
221,82,Argentina,15000000,2021,Overall
267,81,Argentina,25500000,2021,Overall
231,82,Argentina,40500000,2021,Overall
232,82,Argentina,28000000,2021,Overall
237,82,Argentina,46000000,2021,Overall
262,81,Argentina,20000000,2021,Overall
227,82,Argentina,36500000,2021,Overall
0,93,Argentina,103500000,2021,Overall
47,86,Argentina,54000000,2021,Overall
25,88,Argentina,109000000,2021,Overall
32,87,Argentina,63000000,2021,Overall
12,89,Argentina,83500000,2021,Overall
270,81,Belgium,36500000,2021,Overall
366,79,Belgium,15000000,2021,Overall
255,81,Belgium,23500000,2021,Overall
164,83,Belgium,31000000,2021,Overall
229,82,Belgium,33500000,2021,Overall
62,85,Belgium,34500000,2021,Overall
75,85,Belgium,63000000,2021,Overall
244,81,Belgium,13000000,2021,Overall
320,80,Belgium,28000000,2021,Overall
149,83,Belgium,29000000,2021,Overall
4,91,Belgium,129000000,2021,Overall
291,80,Belgium,16500000,2021,Overall
146,83,Belgium,17500000,2021,Overall
20,88,Belgium,89500000,2021,Overall
388,79,Belgium,22000000,2021,Overall
446,78,Belgium,18500000,2021,Overall
441,78,Belgium,18500000,2021,Overall
436,78,Belgium,13500000,2021,Overall
103,84,Belgium,29500000,2021,Overall
435,78,Belgium,15000000,2021,Overall
66,85,Belgium,37000000,2021,Overall
16,89,Belgium,82000000,2021,Overall
176,83,Belgium,38500000,2021,Overall
160,83,Brazil,36500000,2021,Overall
40,87,Brazil,88500000,2021,Overall
174,83,Brazil,35500000,2021,Overall
107,84,Brazil,41500000,2021,Overall
143,83,Brazil,28500000,2021,Overall
175,83,Brazil,38500000,2021,Overall
39,87,Brazil,81500000,2021,Overall
102,84,Brazil,21000000,2021,Overall
154,83,Brazil,24000000,2021,Overall
61,85,Brazil,14500000,2021,Overall
119,84,Brazil,29000000,2021,Overall
3,91,Brazil,132000000,2021,Overall
148,83,Brazil,25000000,2021,Overall
74,85,Brazil,47500000,2021,Overall
98,84,Brazil,11000000,2021,Overall
24,88,Brazil,92000000,2021,Overall
158,83,Brazil,36500000,2021,Overall
157,83,Brazil,30000000,2021,Overall
129,84,Brazil,44500000,2021,Overall
10,90,Brazil,102000000,2021,Overall
17,89,Brazil,90500000,2021,Overall
136,84,Brazil,63500000,2021,Overall
84,85,Brazil,66000000,2021,Overall
223,82,England,34500000,2021,Overall
46,87,England,124000000,2021,Overall
185,83,England,52000000,2021,Overall
43,87,England,90500000,2021,Overall
45,87,England,114000000,2021,Overall
199,83,England,52000000,2021,Overall
213,82,England,29500000,2021,Overall
224,82,England,24000000,2021,Overall
70,85,England,46500000,2021,Overall
194,83,England,49500000,2021,Overall
259,81,England,26000000,2021,Overall
22,88,England,109000000,2021,Overall
52,86,England,57000000,2021,Overall
60,86,England,43500000,2021,Overall
280,81,England,34500000,2021,Overall
147,83,England,35000000,2021,Overall
309,80,England,23000000,2021,Overall
155,83,England,32000000,2021,Overall
287,80,England,9500000,2021,Overall
263,81,England,31000000,2021,Overall
272,81,England,37000000,2021,Overall
23,88,England,114500000,2021,Overall
93,85,England,86500000,2021,Overall
56,86,France,77500000,2021,Overall
145,83,France,18000000,2021,Overall
115,84,France,42000000,2021,Overall
141,83,France,4000000,2021,Overall
27,88,France,78000000,2021,Overall
189,83,France,43000000,2021,Overall
116,84,France,45500000,2021,Overall
37,87,France,79500000,2021,Overall
226,82,France,32500000,2021,Overall
165,83,France,36500000,2021,Overall
14,89,France,83500000,2021,Overall
126,84,France,61000000,2021,Overall
11,90,France,185500000,2021,Overall
206,82,France,19000000,2021,Overall
42,87,France,92500000,2021,Overall
179,83,France,42000000,2021,Overall
197,83,France,49500000,2021,Overall
58,86,France,72500000,2021,Overall
215,82,France,32000000,2021,Overall
130,84,France,60500000,2021,Overall
88,85,France,67000000,2021,Overall
29,87,France,26000000,2021,Overall
200,83,France,57500000,2021,Overall
19,88,Germany,87500000,2021,Overall
217,82,Germany,20500000,2021,Overall
127,84,Germany,57500000,2021,Overall
222,82,Germany,29500000,2021,Overall
228,82,Germany,31500000,2021,Overall
54,86,Germany,65500000,2021,Overall
51,86,Germany,46500000,2021,Overall
69,85,Germany,44500000,2021,Overall
205,82,Germany,25000000,2021,Overall
76,85,Germany,46000000,2021,Overall
83,85,Germany,70000000,2021,Overall
26,88,Germany,103000000,2021,Overall
210,82,Germany,21000000,2021,Overall
87,85,Germany,74500000,2021,Overall
207,82,Germany,22000000,2021,Overall
15,89,Germany,17500000,2021,Overall
121,84,Germany,58500000,2021,Overall
6,90,Germany,110000000,2021,Overall
128,84,Germany,60500000,2021,Overall
156,83,Germany,35500000,2021,Overall
97,85,Germany,121000000,2021,Overall
89,85,Germany,81500000,2021,Overall
159,83,Germany,25000000,2021,Overall
256,81,Italy,22500000,2021,Overall
324,80,Italy,25000000,2021,Overall
173,83,Italy,23500000,2021,Overall
178,83,Italy,36500000,2021,Overall
183,83,Italy,45500000,2021,Overall
203,82,Italy,3400000,2021,Overall
218,82,Italy,28000000,2021,Overall
101,84,Italy,13500000,2021,Overall
92,85,Italy,93500000,2021,Overall
241,81,Italy,8500000,2021,Overall
261,81,Italy,27500000,2021,Overall
78,85,Italy,53000000,2021,Overall
67,85,Italy,26000000,2021,Overall
57,86,Italy,77500000,2021,Overall
282,81,Italy,30500000,2021,Overall
271,81,Italy,28000000,2021,Overall
35,87,Italy,78000000,2021,Overall
323,80,Italy,25000000,2021,Overall
321,80,Italy,28000000,2021,Overall
28,87,Italy,21000000,2021,Overall
303,80,Italy,20000000,2021,Overall
300,80,Italy,13000000,2021,Overall
290,80,Italy,7000000,2021,Overall
91,85,Netherlands,81000000,2021,Overall
81,85,Netherlands,71500000,2021,Overall
195,83,Netherlands,56000000,2021,Overall
367,79,Netherlands,13500000,2021,Overall
191,83,Netherlands,52000000,2021,Overall
399,79,Netherlands,23500000,2021,Overall
114,84,Netherlands,40000000,2021,Overall
462,78,Netherlands,16500000,2021,Overall
377,79,Netherlands,22000000,2021,Overall
96,85,Netherlands,99000000,2021,Overall
422,78,Netherlands,12000000,2021,Overall
64,85,Netherlands,52500000,2021,Overall
7,90,Netherlands,113000000,2021,Overall
286,80,Netherlands,7000000,2021,Overall
477,78,Netherlands,29000000,2021,Overall
252,81,Netherlands,13500000,2021,Overall
214,82,Netherlands,25000000,2021,Overall
253,81,Netherlands,26000000,2021,Overall
304,80,Netherlands,21000000,2021,Overall
275,81,Netherlands,28000000,2021,Overall
230,82,Netherlands,30500000,2021,Overall
265,81,Netherlands,22000000,2021,Overall
482,78,Netherlands,31500000,2021,Overall
277,81,Portugal,40500000,2021,Overall
234,82,Portugal,46000000,2021,Overall
171,83,Portugal,30000000,2021,Overall
239,81,Portugal,4600000,2021,Overall
308,80,Portugal,18500000,2021,Overall
113,84,Portugal,40500000,2021,Overall
285,81,Portugal,62500000,2021,Overall
104,84,Portugal,21000000,2021,Overall
331,80,Portugal,33500000,2021,Overall
140,83,Portugal,22500000,2021,Overall
86,85,Portugal,61000000,2021,Overall
184,83,Portugal,43500000,2021,Overall
188,83,Portugal,38500000,2021,Overall
220,82,Portugal,27000000,2021,Overall
196,83,Portugal,43500000,2021,Overall
122,84,Portugal,49500000,2021,Overall
288,80,Portugal,13000000,2021,Overall
325,80,Portugal,24000000,2021,Overall
41,87,Portugal,105500000,2021,Overall
319,80,Portugal,18500000,2021,Overall
44,87,Portugal,95000000,2021,Overall
1,92,Portugal,63000000,2021,Overall
284,81,Portugal,37000000,2021,Overall
112,84,Spain,42500000,2021,Overall
108,84,Spain,34000000,2021,Overall
153,83,Spain,31500000,2021,Overall
77,85,Spain,54000000,2021,Overall
161,83,Spain,38500000,2021,Overall
135,84,Spain,66500000,2021,Overall
105,84,Spain,36500000,2021,Overall
166,83,Spain,25000000,2021,Overall
53,86,Spain,49500000,2021,Overall
72,85,Spain,44000000,2021,Overall
49,86,Spain,32000000,2021,Overall
79,85,Spain,62000000,2021,Overall
48,86,Spain,32500000,2021,Overall
71,85,Spain,52500000,2021,Overall
99,84,Spain,15500000,2021,Overall
172,83,Spain,33000000,2021,Overall
94,85,Spain,66500000,2021,Overall
34,87,Spain,56000000,2021,Overall
59,86,Spain,61500000,2021,Overall
124,84,Spain,56000000,2021,Overall
120,84,Spain,55500000,2021,Overall
55,86,Spain,46500000,2021,Overall
13,89,Spain,33500000,2021,Overall
196,82,Argentina,15000000,2022,Overall
171,83,Argentina,48000000,2022,Overall
90,85,Argentina,78000000,2022,Overall
159,83,Argentina,37000000,2022,Overall
130,84,Argentina,37000000,2022,Overall
110,84,Argentina,33500000,2022,Overall
166,83,Argentina,39500000,2022,Overall
223,82,Argentina,27500000,2022,Overall
268,81,Argentina,8500000,2022,Overall
241,82,Argentina,41500000,2022,Overall
252,81,Argentina,16500000,2022,Overall
259,81,Argentina,12500000,2022,Overall
275,81,Argentina,28000000,2022,Overall
284,81,Argentina,23500000,2022,Overall
285,81,Argentina,31000000,2022,Overall
294,81,Argentina,35500000,2022,Overall
311,80,Argentina,20500000,2022,Overall
227,82,Argentina,35000000,2022,Overall
67,85,Argentina,33500000,2022,Overall
0,93,Argentina,78000000,2022,Overall
31,87,Argentina,49500000,2022,Overall
39,87,Argentina,93000000,2022,Overall
28,87,Argentina,51000000,2022,Overall
327,80,Belgium,24500000,2022,Overall
427,78,Belgium,15000000,2022,Overall
24,88,Belgium,93500000,2022,Overall
97,84,Belgium,20500000,2022,Overall
4,91,Belgium,125500000,2022,Overall
73,85,Belgium,52000000,2022,Overall
306,80,Belgium,13000000,2022,Overall
143,83,Belgium,0,2022,Overall
350,79,Belgium,11000000,2022,Overall
217,82,Belgium,30500000,2022,Overall
276,81,Belgium,28000000,2022,Overall
138,83,Belgium,24000000,2022,Overall
498,77,Belgium,9500000,2022,Overall
382,79,Belgium,21500000,2022,Overall
423,78,Belgium,11500000,2022,Overall
428,78,Belgium,14000000,2022,Overall
493,77,Belgium,8500000,2022,Overall
12,89,Belgium,85500000,2022,Overall
117,84,Belgium,45000000,2022,Overall
254,81,Belgium,8500000,2022,Overall
52,86,Belgium,52000000,2022,Overall
304,80,Belgium,7000000,2022,Overall
125,84,Belgium,57000000,2022,Overall
199,82,Brazil,30000000,2022,Overall
149,83,Brazil,31500000,2022,Overall
14,89,Brazil,88000000,2022,Overall
145,83,Brazil,28500000,2022,Overall
37,87,Brazil,90500000,2022,Overall
215,82,Brazil,25000000,2022,Overall
100,84,Brazil,21000000,2022,Overall
211,82,Brazil,16000000,2022,Overall
201,82,Brazil,30000000,2022,Overall
19,89,Brazil,82000000,2022,Overall
226,82,Brazil,35500000,2022,Overall
156,83,Brazil,30500000,2022,Overall
116,84,Brazil,27500000,2022,Overall
182,83,Brazil,52500000,2022,Overall
181,83,Brazil,47000000,2022,Overall
180,83,Brazil,35500000,2022,Overall
136,83,Brazil,7000000,2022,Overall
17,89,Brazil,94000000,2022,Overall
225,82,Brazil,27500000,2022,Overall
82,85,Brazil,54000000,2022,Overall
69,85,Brazil,9500000,2022,Overall
59,86,Brazil,73500000,2022,Overall
3,91,Brazil,129000000,2022,Overall
58,86,England,33000000,2022,Overall
43,87,England,116500000,2022,Overall
91,85,England,77500000,2022,Overall
40,87,England,83500000,2022,Overall
161,83,England,41000000,2022,Overall
25,88,England,107500000,2022,Overall
184,83,England,58500000,2022,Overall
231,82,England,41500000,2022,Overall
240,82,England,40500000,2022,Overall
179,83,England,48500000,2022,Overall
194,82,England,25000000,2022,Overall
135,84,England,94500000,2022,Overall
99,84,England,29500000,2022,Overall
111,84,England,42500000,2022,Overall
42,87,England,114000000,2022,Overall
164,83,England,33000000,2022,Overall
114,84,England,50500000,2022,Overall
101,84,England,36500000,2022,Overall
236,82,England,43500000,2022,Overall
9,90,England,129500000,2022,Overall
162,83,England,25000000,2022,Overall
113,84,England,48500000,2022,Overall
78,85,England,39000000,2022,Overall
216,82,France,29500000,2022,Overall
127,84,France,45000000,2022,Overall
80,85,France,53000000,2022,Overall
169,83,France,48000000,2022,Overall
133,84,France,62500000,2022,Overall
123,84,France,49500000,2022,Overall
188,83,France,53000000,2022,Overall
205,82,France,26000000,2022,Overall
10,90,France,100000000,2022,Overall
207,82,France,30000000,2022,Overall
177,83,France,45500000,2022,Overall
183,83,France,55000000,2022,Overall
62,86,France,81000000,2022,Overall
6,91,France,194000000,2022,Overall
178,83,France,43500000,2022,Overall
55,86,France,68500000,2022,Overall
108,84,France,40500000,2022,Overall
230,82,France,37500000,2022,Overall
107,84,France,41500000,2022,Overall
35,87,France,79500000,2022,Overall
174,83,France,44500000,2022,Overall
29,87,France,13500000,2022,Overall
11,89,France,66000000,2022,Overall
77,85,Germany,43000000,2022,Overall
176,83,Germany,36000000,2022,Overall
128,84,Germany,56000000,2022,Overall
23,88,Germany,75000000,2022,Overall
165,83,Germany,34500000,2022,Overall
18,89,Germany,108000000,2022,Overall
33,87,Germany,66000000,2022,Overall
38,87,Germany,93000000,2022,Overall
7,90,Germany,13500000,2022,Overall
210,82,Germany,16000000,2022,Overall
150,83,Germany,28000000,2022,Overall
8,90,Germany,99000000,2022,Overall
86,85,Germany,64500000,2022,Overall
115,84,Germany,42500000,2022,Overall
204,82,Germany,30000000,2022,Overall
122,84,Germany,56500000,2022,Overall
134,84,Germany,94500000,2022,Overall
47,86,Germany,44000000,2022,Overall
200,82,Germany,20500000,2022,Overall
157,83,Germany,37000000,2022,Overall
198,82,Germany,24000000,2022,Overall
142,83,Germany,23500000,2022,Overall
76,85,Germany,51500000,2022,Overall
20,89,Italy,119500000,2022,Overall
186,83,Italy,80500000,2022,Overall
295,81,Italy,38000000,2022,Overall
278,81,Italy,30000000,2022,Overall
273,81,Italy,23500000,2022,Overall
34,87,Italy,67500000,2022,Overall
221,82,Italy,31500000,2022,Overall
286,81,Italy,27500000,2022,Overall
155,83,Italy,17500000,2022,Overall
129,84,Italy,63500000,2022,Overall
45,86,Italy,12000000,2022,Overall
222,82,Italy,33500000,2022,Overall
269,81,Italy,22000000,2022,Overall
85,85,Italy,52500000,2022,Overall
53,86,Italy,65500000,2022,Overall
74,85,Italy,17500000,2022,Overall
251,81,Italy,4400000,2022,Overall
232,82,Italy,42000000,2022,Overall
36,87,Italy,79500000,2022,Overall
297,81,Italy,25000000,2022,Overall
224,82,Italy,35000000,2022,Overall
192,82,Italy,5000000,2022,Overall
160,83,Italy,33000000,2022,Overall
287,81,Netherlands,25000000,2022,Overall
289,81,Netherlands,38500000,2022,Overall
203,82,Netherlands,21000000,2022,Overall
265,81,Netherlands,13000000,2022,Overall
219,82,Netherlands,25500000,2022,Overall
339,80,Netherlands,33000000,2022,Overall
175,83,Netherlands,37000000,2022,Overall
41,87,Netherlands,119500000,2022,Overall
333,80,Netherlands,30000000,2022,Overall
83,85,Netherlands,63000000,2022,Overall
324,80,Netherlands,20500000,2022,Overall
81,85,Netherlands,45000000,2022,Overall
353,79,Netherlands,17000000,2022,Overall
266,81,Netherlands,25500000,2022,Overall
242,82,Netherlands,35000000,2022,Overall
401,79,Netherlands,28000000,2022,Overall
15,89,Netherlands,86000000,2022,Overall
402,79,Netherlands,25500000,2022,Overall
396,79,Netherlands,25000000,2022,Overall
98,84,Netherlands,40500000,2022,Overall
93,85,Netherlands,75000000,2022,Overall
400,79,Netherlands,24500000,2022,Overall
366,79,Netherlands,17500000,2022,Overall
263,81,Portugal,21000000,2022,Overall
63,86,Portugal,80000000,2022,Overall
249,81,Portugal,12000000,2022,Overall
60,86,Portugal,71500000,2022,Overall
190,82,Portugal,5500000,2022,Overall
253,81,Portugal,4600000,2022,Overall
44,87,Portugal,102500000,2022,Overall
195,82,Portugal,10000000,2022,Overall
267,81,Portugal,22000000,2022,Overall
189,83,Portugal,82000000,2022,Overall
214,82,Portugal,23000000,2022,Overall
228,82,Portugal,30500000,2022,Overall
281,81,Portugal,30500000,2022,Overall
120,84,Portugal,40500000,2022,Overall
279,81,Portugal,25500000,2022,Overall
26,88,Portugal,107500000,2022,Overall
238,82,Portugal,41000000,2022,Overall
291,81,Portugal,39000000,2022,Overall
121,84,Portugal,40500000,2022,Overall
234,82,Portugal,46000000,2022,Overall
131,84,Portugal,51000000,2022,Overall
2,91,Portugal,45000000,2022,Overall
235,82,Portugal,46000000,2022,Overall
147,83,Spain,34500000,2022,Overall
158,83,Spain,37000000,2022,Overall
89,85,Spain,77500000,2022,Overall
65,86,Spain,81000000,2022,Overall
21,88,Spain,24000000,2022,Overall
64,86,Spain,88000000,2022,Overall
70,85,Spain,22000000,2022,Overall
146,83,Spain,36500000,2022,Overall
79,85,Spain,52500000,2022,Overall
61,86,Spain,77000000,2022,Overall
105,84,Spain,42500000,2022,Overall
48,86,Spain,47000000,2022,Overall
49,86,Spain,65000000,2022,Overall
144,83,Spain,25000000,2022,Overall
51,86,Spain,53500000,2022,Overall
84,85,Spain,47500000,2022,Overall
103,84,Spain,28000000,2022,Overall
50,86,Spain,45000000,2022,Overall
102,84,Spain,27000000,2022,Overall
57,86,Spain,68000000,2022,Overall
96,84,Spain,13500000,2022,Overall
95,84,Spain,13000000,2022,Overall
139,83,Spain,18000000,2022,Overall
